path,problem,solution,grid_size,num_colors
9x9_8c_5_2af3ded9.txt,"....F....
.B.F..E.A
.....C...
.....G...
.D.GH..C.
.....B...
..E.H...D
.........
.A.......","AAAFFAAAA
ABAFAAEEA
ABAAACCEE
ABBGGGCCE
ADBGHHHCE
ADBBBBHEE
ADEEHHHED
ADDEEEEED
AADDDDDDD",9x9,8
9x9_9c_10_f029a480.txt,".....E...
....I..D.
..G...B..
..F.F....
......D..
..CE...A.
.C...HB..
...I..H..
A.......G","EEEEEEGGG
EIIIIGGDG
EIGGGGBDG
EIFFFBBDG
EIIIIBDDG
ECCEIBBAG
ECEEIHBAG
EEEIIHHAG
AAAAAAAAG",9x9,9
8x8_8c_10_83d92d01.txt,"D...H...
..E..DC.
........
..A....H
.C......
..GB....
F..E..GA
....F..B","DDDDHHHH
EEEDDDCH
ECCCCCCH
ECAAAAAH
ECGGGGAA
EEGBBGGA
FEEEBBGA
FFFFFBBB",8x8,8
6x6_4c_7_145c5d4f.txt,".....B
..AC..
.....C
...D..
.AB.D.
......","BBBBBB
BAACCC
BABBBC
BABDBB
BABDDB
BBBBBB",6x6,4
6x6_5c_4_25f9a72a.txt,"C.D...
....B.
...B..
....E.
C.A..E
D....A","CDDEEE
CDEEBE
CDEBBE
CDEEEE
CDAEEE
DDAAAA",6x6,5
5x5_4c_2_904e33b2.txt,".....
.D.AB
B.ADC
C....
.....","BBBBB
BDAAB
BDADC
CDDDC
CCCCC",5x5,4
5x5_3c_5_87fc29c5.txt,"...A.
.C.B.
..B..
..C..
....A","BBBAA
BCBBA
BCBBA
BCCBA
BBBBA",5x5,3
7x7_5c_1_629a2f5e.txt,"...CD..
.AB..A.
....D..
.......
.......
.....B.
CE.E...","CCCCDDD
CABAAAD
CABADDD
CABAAAA
CABBBBA
CAAAABA
CEEEAAA",7x7,5
7x7_7c_9_d249fa1f.txt,"......G
G....FD
...A...
C......
..C....
AE..FE.
B.B...D","GGGGGGG
GCCCCFD
CCAACFD
CAACCFD
AACCFFD
AEEEFED
BBBEEED",7x7,7
5x5_5c_3_22075c83.txt,"C...C
..EDA
.....
.DEBA
....B","CCCCC
EEEDA
EDDDA
EDEBA
EEEBB",5x5,5
6x6_6c_7_3a68d0e8.txt,"BA...A
..E...
..D.F.
..F..D
..C.CE
B.....","BAAAAA
BEEDDD
BEDDFD
BEFFFD
BECCCE
BEEEEE",6x6,6
7x7_6c_1_21b01e0e.txt,"...AF..
A......
C.D.B..
.......
.DE...F
....B..
.....CE","AAAAFFF
AEEEEEF
CEDDBEF
CEEDBEF
CDEDBEF
CDDDBEE
CCCCCCE",7x7,6
6x6_4c_4_f296c06e.txt,"......
......
...B.D
...C..
.....A
DA.B.C","DDDDDD
DAAAAD
DABBAD
DABCAA
DABCCA
DABBCC",6x6,4
9x9_8c_1_306fbd00.txt,".....B...
H......G.
..A.....B
....F..GD
E......H.
...E.....
.DF...A..
....C..C.
.........","HHHHHBBBB
HEEEHHHGB
EEAEEEHGB
EAAFFEHGD
EAFFEEHHD
AAFEEDDDD
ADFDDDAAA
ADDDCCCCA
AAAAAAAAA",9x9,8
5x5_5c_4_a482332b.txt,"E.DA.
C..B.
.....
..D..
C.EBA","EEDAA
CEDBA
CEDBA
CEDBA
CEEBA",5x5,5
9x9_7c_4_207aef04.txt,"E......G.
B........
.F..A.D..
...B.....
.........
...C..D..
.........
...E...C.
.F..AG...","EEEEEEEGG
BBBBBBEEG
FFAAABDEG
FAABBBDEG
FAEEEEDEG
FAECCEDEG
FAEECEEEG
FAAECCCCG
FFAAAGGGG",9x9,7
7x7_7c_4_ae0f223a.txt,".....EG
.D.....
....CE.
A....F.
B..CD..
....A..
BF....G","CCCCCEG
CDDDCEG
CCCDCEG
AACDDFG
BACCDFG
BAAAAFG
BFFFFFG",7x7,7
6x6_4c_9_7e2f1ba3.txt,"D.....
..A.A.
......
....BC
.D..C.
.....B","DDDDDD
DDAAAD
DDDDDD
DDDBBC
DDDBCC
DDDBBB",6x6,4
5x5_4c_1_812f5e6a.txt,"AB...
...C.
DA...
.C.BD
.....","ABBBB
AACCB
DACBB
DCCBD
DDDDD",5x5,4
7x7_6c_3_ad1343f0.txt,"AC..D..
..B....
A....C.
E..E...
..D....
..BF.F.
.......","ACCCDDD
ABBCCCD
ABDDDCD
EBDEDDD
EBDEEEE
EBBFFFE
EEEEEEE",7x7,6
7x7_5c_9_9adff41d.txt,"C..AB.D
..E.E..
..C....
...A...
.......
B......
D......","CAAABBD
CAEEEBD
CACCCBD
CAAACBD
CCCCCBD
BBBBBBD
DDDDDDD",7x7,5
5x5_5c_2_22075c83.txt,"C...C
..EDA
.....
.DEBA
....B","CCCCC
EEEDA
EDDDA
EDEBA
EEEBB",5x5,5
7x7_7c_7_96ca9115.txt,"F.....D
.B.....
B..E.F.
..A....
....DG.
.AE....
.GC...C","FFFFFFD
BBGGGFD
BGGEGFD
GGAEGGD
GAAEDGD
GAEEDDD
GGCCCCC",7x7,7
7x7_7c_2_782c2792.txt,".......
....ED.
B.G....
..AFG..
E...D..
A....C.
F..C.B.","BBBBBBB
BEEEEDB
BEGGGDB
EEAFGDB
EAAFDDB
AAFFCCB
FFFCCBB",7x7,7
7x7_5c_3_629a2f5e.txt,"...CD..
.AB..A.
....D..
.......
.......
.....B.
CE.E...","CCCCDDD
CABAAAD
CABADDD
CABAAAA
CABBBBA
CAAAABA
CEEEAAA",7x7,5
6x6_4c_3_f296c06e.txt,"......
......
...B.D
...C..
.....A
DA.B.C","DDDDDD
DAAAAD
DABBAD
DABCAA
DABCCA
DABBCC",6x6,4
7x7_6c_3_d5cc36f7.txt,"B.....D
.C..F.F
C......
..AD.E.
.A.....
.B..E..
.......","BBBDDDD
CCBDFFF
CBBDBBB
BBADBEB
BAABBEB
BBBBEEB
BBBBBBB",7x7,6
7x7_5c_5_d45b6049.txt,"......D
.A.....
D....C.
..A....
.......
.E...B.
.CBE...","DDDDDDD
DAAAAAA
DCCCCCA
CCAAAAA
CEEEEEE
CEBBBBE
CCBEEEE",7x7,5
9x9_7c_9_a6b69ac4.txt,"...C.....
.G..D....
....E.FD.
.......F.
....E.AC.
.......B.
.......G.
.........
..AB.....","AAACCCCCC
AGADDDDDC
AGADEDFDC
AGADEDFFC
AGADEDACC
AGADDDABB
AGAAAAAGB
AGGGGGGGB
AAABBBBBB",9x9,7
8x8_6c_4_271db818.txt,"CD.....D
....C...
....E.B.
.A..F...
....B...
....E...
.AF.....
........","CDDDDDDD
CCCCCEEE
EEEEEEBE
EAFFFEBE
EAFBBEBE
EAFBEEBE
EAFBBBBE
EEEEEEEE",8x8,6
5x5_3c_8_87fc29c5.txt,"...A.
.C.B.
..B..
..C..
....A","BBBAA
BCBBA
BCBBA
BCCBA
BBBBA",5x5,3
8x8_7c_1_172e1fee.txt,"...GA...
......E.
.B.....A
.E.F....
......C.
FG...B..
....C...
D.D.....","GGGGAAAA
GBBBBBEA
GBEEEBEA
GEEFEBEE
GGFFEBCE
FGFEEBCE
FFFECCCE
DDDEEEEE",8x8,7
7x7_5c_1_26f5cc22.txt,"DE.B...
.....C.
....C..
.......
....B..
...A.A.
.D.E...","DEBBAAA
DEBAACA
DEBACCA
DEBAAAA
DEBBBAA
DEEAAAA
DDEEAAA",7x7,5
9x9_9c_6_a4b5019b.txt,"...AB...C
...H.....
..I....EB
....C....
.......G.
.........
..GF.FI..
.H......E
.AD.....D","AAAABCCCC
AHHHBCBBB
AHIBBCBEB
AHIBCCBEE
AHIBBBBGE
AHIIIIIGE
AHGFFFIGE
AHGGGGGGE
AADDDDDDD",9x9,9
6x6_4c_10_f296c06e.txt,"......
......
...B.D
...C..
.....A
DA.B.C","DDDDDD
DAAAAD
DABBAD
DABCAA
DABCCA
DABBCC",6x6,4
7x7_5c_2_26f5cc22.txt,"DE.B...
.....C.
....C..
.......
....B..
...A.A.
.D.E...","DEBBAAA
DEBAACA
DEBACCA
DEBAAAA
DEBBBAA
DEEAAAA
DDEEAAA",7x7,5
8x8_6c_9_fc59c90b.txt,"D.......
.E......
.FA..C..
........
...B....
......F.
..CBA.E.
D.......","DEEEEEEE
DEAAAAAE
DFACCCAE
DFCCAAAE
DFCBAEEE
DFCBAEFF
DFCBAEEF
DFFFFFFF",8x8,6
5x5_5c_2_a482332b.txt,"E.DA.
C..B.
.....
..D..
C.EBA","EEDAA
CEDBA
CEDBA
CEDBA
CEEBA",5x5,5
9x9_7c_6_d4cb8ca8.txt,"...G....A
.B......C
..DE.....
.........
......G..
....E...C
F.B...ADF
.........
.........","DDDGGGGAA
DBDDDDGAC
DBDEEDGAC
DBDDEDGAC
DBBDEDGAC
DDBDEDAAC
FDBDDDADF
FDDDDDDDF
FFFFFFFFF",9x9,7
6x6_4c_6_a09192ab.txt,"C.B...
A.....
...A..
.D....
.C.B..
.....D","CCBBBB
ACCCCB
AAAACB
DDCCCB
DCCBBB
DDDDDD",6x6,4
5x5_4c_8_904e33b2.txt,".....
.D.AB
B.ADC
C....
.....","BBBBB
BDAAB
BDADC
CDDDC
CCCCC",5x5,4
7x7_5c_2_629a2f5e.txt,"...CD..
.AB..A.
....D..
.......
.......
.....B.
CE.E...","CCCCDDD
CABAAAD
CABADDD
CABAAAA
CABBBBA
CAAAABA
CEEEAAA",7x7,5
8x8_6c_3_cade0083.txt,"A.BC....
..E...E.
........
...C....
...F..D.
........
.BA....F
.......D","ABBCCCCC
ABEEEEEC
ABDDDDDC
ABDCCCDC
ABDFFCDC
ABDDFCCC
ABADFFFF
AAADDDDD",8x8,6
7x7_6c_9_220f13d1.txt,".F.B...
.B...C.
..F....
.......
E.....A
C.E....
D....DA","FFBBEEE
FBBEECE
FFFECCE
EEEECEE
ECCCCEA
CCEEEEA
DDDDDDA",7x7,6
7x7_5c_5_a2f64424.txt,"E..B...
.A...A.
....C..
..B....
..E....
....C.D
D......","EEEBCCC
AAEBCAC
AEEBCAC
AEBBAAC
AEEAACC
AAAACCD
DDDDDDD",7x7,5
6x6_4c_7_a09192ab.txt,"C.B...
A.....
...A..
.D....
.C.B..
.....D","CCBBBB
ACCCCB
AAAACB
DDCCCB
DCCBBB
DDDDDD",6x6,4
5x5_3c_7_3b862eec.txt,"A....
.B.B.
...C.
..C..
A....","ABBBB
ABBBB
ABBCB
ABCCB
ABBBB",5x5,3
6x6_5c_6_25f9a72a.txt,"C.D...
....B.
...B..
....E.
C.A..E
D....A","CDDEEE
CDEEBE
CDEBBE
CDEEEE
CDAEEE
DDAAAA",6x6,5
6x6_5c_7_25f9a72a.txt,"C.D...
....B.
...B..
....E.
C.A..E
D....A","CDDEEE
CDEEBE
CDEBBE
CDEEEE
CDAEEE
DDAAAA",6x6,5
9x9_7c_5_297ba08d.txt,".........
.........
......B..
C.......C
..B.A....
..E.F....
..A...D..
.....D...
...G.EF.G","CCCCCCCCC
CGGGGGGGC
CGBBBBBGC
CGBFFFFGC
GGBFAAFGG
GEEFFAFFG
GEAAAADFG
GEEEEDDFG
GGGGEEFFG",9x9,7
5x5_4c_2_812f5e6a.txt,"AB...
...C.
DA...
.C.BD
.....","ABBBB
AACCB
DACBB
DCCBD
DDDDD",5x5,4
8x8_6c_2_9769657e.txt,"........
.B..D.F.
....CD..
..A.....
A.C.E...
........
BF......
E.......","AAAEEEEE
ABAEDDFE
ABAECDFE
ABAECCFE
ABCEECFE
BBCCCCFE
BFFFFFFE
EEEEEEEE",8x8,6
8x8_8c_3_c81e3705.txt,"HFD..D.E
.......A
.F....C.
.....G..
.......B
..CE.AH.
....G...
......B.","HFDDDDEE
HFEEEEEA
HFECCCCA
HEECGGAA
HECCGAAB
HECEGAHB
HEEEGHHB
HHHHHHBB",8x8,8
9x9_7c_1_e28dfc75.txt,"......GDB
.F..FA...
.........
..C......
....D.B..
..C......
...G.....
.E.....EA
.........","AAAAAAGDB
AFFFFAGDB
AGGGGGGDB
AGCBBBBDB
AGCBDDBDB
AGCBBDDDB
AGGGBBBBB
AEEEEEEEA
AAAAAAAAA",9x9,7
7x7_7c_8_63dec1fa.txt,"F....AE
.......
.A.GF..
.C.....
.....C.
.B...B.
GD...DE","FFFFFAE
GGGGFAE
GAAGFAE
GCAAAAE
GCCCCCE
GBBBBBE
GDDDDDE",7x7,7
6x6_6c_6_f86ee188.txt,"BD...E
.ED.C.
....A.
......
BAC...
F....F","BDDEEE
BEDECC
BEEEAC
BAAAAC
BACCCC
FFFFFF",6x6,6
7x7_6c_4_ad1343f0.txt,"AC..D..
..B....
A....C.
E..E...
..D....
..BF.F.
.......","ACCCDDD
ABBCCCD
ABDDDCD
EBDEDDD
EBDEEEE
EBBFFFE
EEEEEEE",7x7,6
5x5_5c_8_22075c83.txt,"C...C
..EDA
.....
.DEBA
....B","CCCCC
EEEDA
EDDDA
EDEBA
EEEBB",5x5,5
6x6_5c_5_3ac21572.txt,"......
B.....
...A..
.A.CE.
.D..B.
.ED..C","BBBBBB
BEEEEB
EEAAEB
EAACEB
EDDCBB
EEDCCC",6x6,5
8x8_6c_10_7f24b2e8.txt,".E......
.A.BFC..
.B...E..
....F...
........
.D.AC...
......D.
........","EEAAAAAA
EAABFCCA
EBBBFECA
EEEEFECA
AAAEEECA
ADAACCCA
ADDDDDDA
AAAAAAAA",8x8,6
7x7_5c_6_d45b6049.txt,"......D
.A.....
D....C.
..A....
.......
.E...B.
.CBE...","DDDDDDD
DAAAAAA
DCCCCCA
CCAAAAA
CEEEEEE
CEBBBBE
CCBEEEE",7x7,5
7x7_5c_4_a2f64424.txt,"E..B...
.A...A.
....C..
..B....
..E....
....C.D
D......","EEEBCCC
AAEBCAC
AEEBCAC
AEBBAAC
AEEAACC
AAAACCD
DDDDDDD",7x7,5
6x6_6c_2_c60e480c.txt,"F.FA..
...DB.
......
.B..E.
.E.C.A
...D.C","FFFAAA
DDDDBA
DBBBBA
DBEEEA
DEECCA
DDDDCC",6x6,6
7x7_7c_9_7e442b1b.txt,"...FA..
.DC.B..
..G.EB.
.......
..GFE.C
....DA.
.......","CCCFAAA
CDCFBBA
CDGFEBA
CDGFEAA
CDGFEAC
CDDDDAC
CCCCCCC",7x7,7
7x7_5c_6_a2f64424.txt,"E..B...
.A...A.
....C..
..B....
..E....
....C.D
D......","EEEBCCC
AAEBCAC
AEEBCAC
AEBBAAC
AEEAACC
AAAACCD
DDDDDDD",7x7,5
6x6_6c_3_f86ee188.txt,"BD...E
.ED.C.
....A.
......
BAC...
F....F","BDDEEE
BEDECC
BEEEAC
BAAAAC
BACCCC
FFFFFF",6x6,6
6x6_4c_2_f296c06e.txt,"......
......
...B.D
...C..
.....A
DA.B.C","DDDDDD
DAAAAD
DABBAD
DABCAA
DABCCA
DABBCC",6x6,4
5x5_5c_7_4f5ec3ca.txt,"DECB.
.....
..E.B
DC..A
A....","DECBB
DECCB
DEECB
DCCCA
AAAAA",5x5,5
7x7_5c_3_26f5cc22.txt,"DE.B...
.....C.
....C..
.......
....B..
...A.A.
.D.E...","DEBBAAA
DEBAACA
DEBACCA
DEBAAAA
DEBBBAA
DEEAAAA
DDEEAAA",7x7,5
7x7_7c_4_f29c58ac.txt,"D.BE..E
..FAG..
....C..
....G..
.B.....
.DF..C.
A......","DBBEEEE
DBFAGGG
DBFACCG
DBFAGCG
DBFAGCG
DDFAGCG
AAAAGGG",7x7,7
5x5_3c_8_3b79ecca.txt,".....
B..C.
...A.
.A.B.
....C","BBBBB
BCCCB
CCAAB
CAABB
CCCCC",5x5,3
9x9_9c_9_e082bc41.txt,"......HGA
.BC..D...
.....F...
.........
.B.....G.
.......IA
..E.H.D.C
...F..I..
.E.......","EEEEHHHGA
EBCEHDDGA
EBCEHFDGA
EBCEHFDGA
EBCEHFDGA
ECCEHFDIA
ECEEHFDIC
ECCFFFIIC
EECCCCCCC",9x9,9
7x7_5c_2_a2f64424.txt,"E..B...
.A...A.
....C..
..B....
..E....
....C.D
D......","EEEBCCC
AAEBCAC
AEEBCAC
AEBBAAC
AEEAACC
AAAACCD
DDDDDDD",7x7,5
8x8_6c_5_edf4c497.txt,"CE......
........
.C.BD...
.B.AF...
........
.A......
.F.D....
.......E","CEEEEEEE
CCCCCCCE
CCBBDDCE
CBBAFDCE
CAAAFDCE
CAFFFDCE
CFFDDDCE
CCCCCCCE",8x8,6
9x9_7c_4_b67fe4d3.txt,"...A....E
A....G...
.........
.B.E...D.
...F.....
.......G.
.B....D..
....F...C
C........","AAAADDDDE
ADDDDGGDE
DDDDDDGDE
DBDEEDGDE
DBDFEDGGE
DBDFEDDGE
DBDFEEDEE
DDDFFEEEC
CCCCCCCCC",9x9,7
6x6_6c_10_f86ee188.txt,"BD...E
.ED.C.
....A.
......
BAC...
F....F","BDDEEE
BEDECC
BEEEAC
BAAAAC
BACCCC
FFFFFF",6x6,6
6x6_4c_1_a09192ab.txt,"C.B...
A.....
...A..
.D....
.C.B..
.....D","CCBBBB
ACCCCB
AAAACB
DDCCCB
DCCBBB
DDDDDD",6x6,4
9x9_8c_1_55c4888b.txt,"C........
.......G.
.....H.C.
..F..D.E.
.......H.
.FB......
.......A.
.B...D..A
......G.E","CCCCCCCCC
GGGGGGGGC
GBBBBHHCC
GBFFBDHEE
GBBFBDHHE
GFBFBDEEE
GFFFBDEAA
GBBBBDEEA
GGGGGGGEE",9x9,8
8x8_7c_5_0118fd6b.txt,"........
B.......
........
....A.F.
F.A.....
E.G..D.C
...GD...
....EB.C","BBBBBBBB
BFFFFFFB
FFGGGGFB
FGGAAGFB
FGAAGGBB
EGGGGDBC
EGGGDDBC
EEEEEBBC",8x8,7
6x6_6c_9_3a68d0e8.txt,"BA...A
..E...
..D.F.
..F..D
..C.CE
B.....","BAAAAA
BEEDDD
BEDDFD
BEFFFD
BECCCE
BEEEEE",6x6,6
10x10_9c_3_30461201.txt,"E........E
..H...A...
....G...F.
..........
...IG.....
.A........
.....C.DB.
..........
.FIH....C.
........BD","EEEEEEEEEE
HHHAAAAGGG
HAAAGGGGFG
HAFFFFFFFG
HAFIGGGGGG
HAFIBBBDDD
HFFIBCBDBD
HFIIBCBBBD
HFIHBCCCCD
HHHHBBBBBD",10x10,9
7x7_6c_7_220f13d1.txt,".F.B...
.B...C.
..F....
.......
E.....A
C.E....
D....DA","FFBBEEE
FBBEECE
FFFECCE
EEEECEE
ECCCCEA
CCEEEEA
DDDDDDA",7x7,6
6x6_5c_2_3ac21572.txt,"......
B.....
...A..
.A.CE.
.D..B.
.ED..C","BBBBBB
BEEEEB
EEAAEB
EAACEB
EDDCBB
EEDCCC",6x6,5
5x5_3c_2_3b79ecca.txt,".....
B..C.
...A.
.A.B.
....C","BBBBB
BCCCB
CCAAB
CAABB
CCCCC",5x5,3
7x7_7c_5_8c30c948.txt,".E....B
.A.FA.G
....F..
.D.....
.....C.
..B.CE.
D.....G","EEAAABB
EAAFABG
EEEFFBG
DDEBBBG
DEEBCCG
DEBBCEG
DEEEEEG",7x7,7
5x5_3c_7_3b79ecca.txt,".....
B..C.
...A.
.A.B.
....C","BBBBB
BCCCB
CCAAB
CAABB
CCCCC",5x5,3
10x10_9c_7_d35070f8.txt,"CB.......D
......I..B
..F.....D.
.E.A......
.H.F......
........G.
...EI.....
....AH....
..........
.......GC.","CBBBBBBBDD
CEEEEEIBDB
CEFFFEIBDB
CEAAFEIBBB
CHAFFEICCC
CHAEEEICGC
CHAEIIICGC
CHAAAHCCGC
CHHHHHCGGC
CCCCCCCGCC",10x10,9
5x5_4c_6_904e33b2.txt,".....
.D.AB
B.ADC
C....
.....","BBBBB
BDAAB
BDADC
CDDDC
CCCCC",5x5,4
5x5_4c_3_904e33b2.txt,".....
.D.AB
B.ADC
C....
.....","BBBBB
BDAAB
BDADC
CDDDC
CCCCC",5x5,4
9x9_8c_2_f539b23a.txt,"G.BH.....
..C......
..B...EA.
......AD.
F........
.........
..C.E....
.........
.F..GD.H.","GBBHHHHHH
GBCCAAAAH
GBBCAEEAH
GGCCAEADH
FGCAAEADH
FGCAEEADH
FGCAEAADH
FGGAAADDH
FFGGGDDHH",9x9,8
5x5_5c_10_4f5ec3ca.txt,"DECB.
.....
..E.B
DC..A
A....","DECBB
DECCB
DEECB
DCCCA
AAAAA",5x5,5
8x8_8c_10_f24df32a.txt,".AH.....
......B.
.BF..F..
.CG....D
....C...
..G.....
E..A....
..EH.D..","AAHHHHHH
ABBBBBBH
ABFFFFHH
ACGGGGHD
ACCCCGHD
AAGGGGHD
EAAAHHHD
EEEHHDDD",8x8,8
6x6_6c_5_396060ff.txt,"AEF...
....D.
...DC.
B.....
....C.
.BA.EF","AEFFFF
AEEDDF
AAEDCF
BAEECF
BAAECF
BBAEEF",6x6,6
9x9_8c_6_3e7403c4.txt,"...E...ED
FG.......
.......BF
...D.B...
G.A......
.........
.CHC..A..
....H....
.........","FFFEEEEED
FGFDDDDDD
GGFDAAABF
GFFDABABF
GFAAABABF
FFHHHBABF
FCHCHBABF
FCCCHBBBF
FFFFFFFFF",9x9,8
5x5_3c_5_3b862eec.txt,"A....
.B.B.
...C.
..C..
A....","ABBBB
ABBBB
ABBCB
ABCCB
ABBBB",5x5,3
9x9_7c_1_a599e0e6.txt,"....EA..A
.........
..B.C..D.
.........
E.B.F....
G.....G..
..F......
D........
.....C...","EEEEEAAAA
EFFFFFCCC
EFBCCFCDC
EFBCFFCDC
EFBCFCCDC
GFFCCCGDC
GGFGGGGDC
DGGGDDDDC
DDDDDCCCC",9x9,7
8x8_7c_8_12000403.txt,"..CA....
.A....D.
.EF.....
..G.E..B
....CD..
..G.....
......B.
.......F","CCCAFFFF
CAAAFDDF
CEFFFDFF
CEGEEDFB
CEGECDFB
CEGECFFB
CEEECFBB
CCCCCFFF",8x8,7
8x8_6c_7_1786c3a8.txt,"........
..F..E.D
C....D..
A.......
....E...
........
..CF..B.
A...B...","CCCCDDDD
CFFCDEED
CFCCDDEE
AFCBBBBE
AFCBEEBE
AFCBBEBE
AFCFBEBE
AFFFBEEE",8x8,6
10x10_9c_2_e3905cd9.txt,"E..E..G...
........A.
.CB...I...
..C..H..D.
..G......F
..........
..........
.......I..
..HFDA....
B.........","EEEEGGGFFF
GGGGGFFFAF
GCBBFFIAAF
GCCBFHIADF
GGGBFHIADF
BBBBFHIADD
BFFFFHIAAD
BFHHHHIIAD
BFHFDAAAAD
BFFFDDDDDD",10x10,9
5x5_3c_9_3b862eec.txt,"A....
.B.B.
...C.
..C..
A....","ABBBB
ABBBB
ABBCB
ABCCB
ABBBB",5x5,3
8x8_6c_10_7d3b36a6.txt,"....AB.E
........
..BD.E..
.....D..
A.......
F.......
C......F
.......C","AAAAABBE
AEEEEEBE
AEBDDEBE
AEBBDDBE
AEEBBBBE
FFEEEEEE
CFFFFFFF
CCCCCCCC",8x8,6
5x5_3c_3_87fc29c5.txt,"...A.
.C.B.
..B..
..C..
....A","BBBAA
BCBBA
BCBBA
BCCBA
BBBBA",5x5,3
8x8_6c_9_4b7bece2.txt,"........
.E....E.
CA....B.
...B....
.F.D....
..C..A..
..FD....
........","CCCCCCCC
CEEEEEEC
CAAAAABC
CCCBBABC
CFCDBABC
CFCDBABC
CFFDBBBC
CCCCCCCC",8x8,6
7x7_7c_6_ec4e7a56.txt,"..F.EA.
.....F.
.....B.
.E.C...
....BD.
GC..D.A
......G","FFFEEAA
FEEEFFA
FEFFFBA
FEFCBBA
FFFCBDA
GCCCDDA
GGGGGGG",7x7,7
6x6_5c_9_3ac21572.txt,"......
B.....
...A..
.A.CE.
.D..B.
.ED..C","BBBBBB
BEEEEB
EEAAEB
EAACEB
EDDCBB
EEDCCC",6x6,5
6x6_5c_7_3ac21572.txt,"......
B.....
...A..
.A.CE.
.D..B.
.ED..C","BBBBBB
BEEEEB
EEAAEB
EAACEB
EDDCBB
EEDCCC",6x6,5
6x6_4c_5_145c5d4f.txt,".....B
..AC..
.....C
...D..
.AB.D.
......","BBBBBB
BAACCC
BABBBC
BABDBB
BABDDB
BBBBBB",6x6,4
6x6_6c_8_3a68d0e8.txt,"BA...A
..E...
..D.F.
..F..D
..C.CE
B.....","BAAAAA
BEEDDD
BEDDFD
BEFFFD
BECCCE
BEEEEE",6x6,6
10x10_9c_6_0f9bfafe.txt,"....G.....
.C......D.
........A.
I.D.A...B.
..........
..B..F.F..
IC........
...H...H..
.E..E.....
......G...","DDDDGGGGGG
DCCDDDDDDG
DDCCAAAAAG
IDDCABBBBG
ICCCBBFFFG
ICBBBFFFFG
ICFFFFFFFG
FFFHHHHHFG
FEEEEFFFFG
FFFFFFGGGG",10x10,9
10x10_9c_6_86268115.txt,"...A......
FI........
D......C..
..I...E...
H....C.G..
.D.G...A.F
.B.E......
..........
........H.
.........B","FFFAAAAAAA
FIFFGGGGGA
DIIFGCCCGA
DDIFGCEGGA
HDFFGCEGAA
HDFGGEEAAF
HBFEEEFFFF
HBFFFFFBBB
HBBBBBBBHB
HHHHHHHHHB",10x10,9
5x5_3c_4_3b862eec.txt,"A....
.B.B.
...C.
..C..
A....","ABBBB
ABBBB
ABBCB
ABCCB
ABBBB",5x5,3
5x5_4c_4_904e33b2.txt,".....
.D.AB
B.ADC
C....
.....","BBBBB
BDAAB
BDADC
CDDDC
CCCCC",5x5,4
5x5_3c_10_87fc29c5.txt,"...A.
.C.B.
..B..
..C..
....A","BBBAA
BCBBA
BCBBA
BCCBA
BBBBA",5x5,3
7x7_6c_1_6ec3c337.txt,"...E...
.B.....
..D....
..A..F.
..B..C.
.A..D..
FC....E","FFFEEEE
FBFFFFE
FBDDDFE
FBAADFE
FBBADCE
FAAADCE
FCCCCCE",7x7,6
7x7_7c_10_077103b2.txt,"..CD...
.E.....
CD...E.
G......
..F...B
.A...A.
...G.FB","CCCDDDD
CEEEEED
CDDDDED
GAAADDD
GAFAAAB
GAFFFAB
GGGGFFB",7x7,7
8x8_7c_4_a3784e4f.txt,"FA......
.G......
.....B..
.....D..
...F....
.B..C..A
.C..EDGE
........","FAAAAAAA
FGGGGGGA
FBBBBBGA
FBCCCDGA
FBCFCDGA
FBCFCDGA
FCCFEDGE
FFFFEEEE",8x8,7
7x7_7c_10_0d9589a3.txt,"..EB...
.DA....
...FC..
...A...
.DC...B
.G....F
...E..G","EEEBBBB
EDAFFFB
EDAFCFB
EDAACFB
EDCCCFB
EGGGGFF
EEEEGGG",7x7,7
5x5_5c_7_22075c83.txt,"C...C
..EDA
.....
.DEBA
....B","CCCCC
EEEDA
EDDDA
EDEBA
EEEBB",5x5,5
7x7_7c_3_9baf1145.txt,"..C...D
..G.F..
..A...D
......C
..GFA..
E......
.EB...B","CCCAAAD
CGGAFAD
CGAAFAD
CGGFFAC
CCGFAAC
ECCCCCC
EEBBBBB",7x7,7
5x5_4c_5_812f5e6a.txt,"AB...
...C.
DA...
.C.BD
.....","ABBBB
AACCB
DACBB
DCCBD
DDDDD",5x5,4
9x9_8c_2_b69f748c.txt,"...H.....
H........
F.A..BD..
..B..D..E
..E...G..
.....G.C.
..A..C...
........F
.........","HHHHEEEEE
HEEEEBBBE
FEAAABDBE
FEBBADDBE
FEEBAGGBB
FBBBAGCCB
FBAAACCBB
FBBBBBBBF
FFFFFFFFF",9x9,8
7x7_7c_1_9dd2760b.txt,".......
DBEA...
C.....D
.....AC
..GB.E.
.G.....
...F..F","DDDDDDD
DBEAAAD
CBEEEAD
CBBBEAC
CGGBEEC
CGCCCCC
CCCFFFF",7x7,7
8x8_8c_2_5eb06022.txt,"H.......
..F...FE
..D....D
H.E....C
....C...
.G.GA.A.
........
B......B","HEEEEEEE
HEFFFFFE
HEDDDDDD
HEEAAAAC
AAAACCAC
AGGGACAC
AAAAACCC
BBBBBBBB",8x8,8
8x8_8c_7_ea280416.txt,"F.......
......HG
C.E.....
D.......
..CF.B..
.......H
.EB....A
DG..A...","FFFFFGGG
CCCCFGHG
CEECFGHH
DECCFGGH
DECFFBGH
DEBBBBGH
DEBGGGGA
DGGGAAAA",8x8,8
6x6_4c_10_7e2f1ba3.txt,"D.....
..A.A.
......
....BC
.D..C.
.....B","DDDDDD
DDAAAD
DDDDDD
DDDBBC
DDDBCC
DDDBBB",6x6,4
9x9_8c_7_a0a086d4.txt,"...A.....
A......E.
......F..
.E.C..B..
.........
...F.C...
.HD..B...
...H.....
.....G.GD","AAAADDDDD
ADDDDEEED
DDEEEEFFD
DEECCCBFD
DDDDDCBFD
FFFFDCBFD
FHDDDBBFD
FHHHFFFFD
FFFFFGGGD",9x9,8
8x8_7c_6_3ff2d94a.txt,".....C.B
....BF..
..D.....
.F..DC..
........
...E..EG
.A......
G......A","BBBBBCCB
BFFFBFCB
BFDFFFCB
BFDDDCCB
BBBBBBBB
GGGEEEEG
GAGGGGGG
GAAAAAAA",8x8,7
9x9_7c_3_999b887c.txt,".........
.A..D..D.
..E......
F........
....C....
.F..E.BA.
GB.....G.
.........
........C","AAAAAAAAA
AAAADDDDA
AAEAAAAAA
FAEECCCCC
FAAECAAAC
FFAEEABAC
GBAAAABGC
GBBBBBBGC
GGGGGGGGC",9x9,7
6x6_6c_3_396060ff.txt,"AEF...
....D.
...DC.
B.....
....C.
.BA.EF","AEFFFF
AEEDDF
AAEDCF
BAEECF
BAAECF
BBAEEF",6x6,6
6x6_6c_6_c60e480c.txt,"F.FA..
...DB.
......
.B..E.
.E.C.A
...D.C","FFFAAA
DDDDBA
DBBBBA
DBEEEA
DEECCA
DDDDCC",6x6,6
7x7_7c_8_4aae6c86.txt,"E.EFG.D
....F..
.C..G..
..ADB..
....A..
...CB..
.......","EEEFGGD
DDDFFGD
DCDDGGD
DCADBBD
DCAAABD
DCCCBBD
DDDDDDD",7x7,7
10x10_9c_8_c7fe0b9d.txt,"......I...
.CHG....E.
.......E..
.....A....
....A.BH..
..........
.......B..
........F.
...DG.....
ICF......D","IIIIIIIGGG
ICHGGGGGEG
ICHBBBBEEG
ICHBAABBBG
ICHBABBHBG
ICHBBBHHBG
ICHHHHHBBG
ICFFFFFFFG
ICFDGGGGGG
ICFDDDDDDD",10x10,9
5x5_4c_10_707b086f.txt,"D....
C....
B....
.ABC.
AD...","DDDDD
CCCCD
BBBCD
AABCD
ADDDD",5x5,4
6x6_6c_4_396060ff.txt,"AEF...
....D.
...DC.
B.....
....C.
.BA.EF","AEFFFF
AEEDDF
AAEDCF
BAEECF
BAAECF
BBAEEF",6x6,6
10x10_9c_5_28224532.txt,"......C...
.HD.....E.
..I..FA..D
..........
.....B....
..I....G..
..GF......
.....HC..E
..........
........BA","CCCCCCCDDD
CHDDDDDDED
CHIFFFAAED
CHIFGGGAEE
CHIFGBGAAE
CHIFGBGGAE
CHGFGBBBAE
CHGGGHCBAE
CHHHHHCBAA
CCCCCCCBBA",10x10,9
8x8_7c_10_a2d578a8.txt,"C......G
.......D
.G..EA..
.ED.....
....BF..
........
........
CFBA....","CGGGGGGG
CGDDDDDD
CGDEEAAA
CEDEBBBA
CEEEBFBA
CFFFFFBA
CFBBBBBA
CFBAAAAA",8x8,7
9x9_7c_10_b9baf331.txt,".........
.A.......
..GEFE...
.......F.
.C..D....
.........
B.....DC.
GB.......
...A.....","GGGEEEEEE
GAGEFFFFE
GAGEFEEFE
GAAAAAEFE
GCCCDAEEE
GGGCDAAAA
BBGCDDDCA
GBGCCCCCA
GGGAAAAAA",9x9,7
9x9_9c_2_cb24bd37.txt,".........
.G....D..
.B..F....
.....I.D.
A...IG.A.
.FB......
.H.HE....
.C.C.....
.....E...","FFFFFEEEE
FGGGFEDDE
FBBGFEEDE
FFBGIIEDE
AFBGIGEAE
AFBGGGEAE
AHHHEEEAE
ACCCAAAAE
AAAAAEEEE",9x9,9
8x8_6c_8_8b279246.txt,"......BC
.D.B....
...A....
..F...E.
.....A..
...C.E..
.D......
.......F","FFFBBBBC
FDFBCCCC
FDFACAAA
FDFACAEA
FDAACAEA
FDACCEEA
FDAAAAAA
FFFFFFFF",8x8,6
7x7_7c_3_ae0f223a.txt,".....EG
.D.....
....CE.
A....F.
B..CD..
....A..
BF....G","CCCCCEG
CDDDCEG
CCCDCEG
AACDDFG
BACCDFG
BAAAAFG
BFFFFFG",7x7,7
6x6_4c_4_a09192ab.txt,"C.B...
A.....
...A..
.D....
.C.B..
.....D","CCBBBB
ACCCCB
AAAACB
DDCCCB
DCCBBB
DDDDDD",6x6,4
8x8_6c_6_fbde3bc8.txt,"DC......
........
.....B..
AF.B....
F..A....
C.....D.
E.......
.......E","DCCCCCCC
DDDDDDDC
AAAAABDC
AFBBABDC
FFBAABDC
CCBBBBDC
ECCCCCCC
EEEEEEEE",8x8,6
9x9_9c_5_a571c118.txt,".....D...
....B..E.
.....GF..
.B.C.....
.......EG
.FH..H..I
.....I..A
..C......
D.......A","DDDDDDGGG
DBBBBGGEG
DBFFFGFEG
DBFCFFFEG
DFFCCCCEG
DFHHHHCII
DIIIIICIA
DICCCCCIA
DIIIIIIIA",9x9,9
6x6_6c_2_f86ee188.txt,"BD...E
.ED.C.
....A.
......
BAC...
F....F","BDDEEE
BEDECC
BEEEAC
BAAAAC
BACCCC
FFFFFF",6x6,6
8x8_7c_1_826ba2c7.txt,"D...B...
..GD..F.
.....E..
.....CE.
...CB...
........
.F.A..A.
.G......","DDDDBBBB
GGGDFFFB
GFFFFEEB
GFCCCCEB
GFCCBBBB
GFCCCCCC
GFCAAAAC
GGCCCCCC",8x8,7
6x6_4c_3_a09192ab.txt,"C.B...
A.....
...A..
.D....
.C.B..
.....D","CCBBBB
ACCCCB
AAAACB
DDCCCB
DCCBBB
DDDDDD",6x6,4
5x5_4c_1_904e33b2.txt,".....
.D.AB
B.ADC
C....
.....","BBBBB
BDAAB
BDADC
CDDDC
CCCCC",5x5,4
8x8_7c_10_db102e74.txt,"....BE.E
.FC.....
........
......F.
........
.D.A.G..
...B....
GD.AC...","BBBBBEEE
BFCCCCCC
BFFFFFFC
BBBBBBFC
GGGGGBBC
GDAAGGBC
GDABBBBC
GDAACCCC",8x8,7
5x5_3c_4_3b79ecca.txt,".....
B..C.
...A.
.A.B.
....C","BBBBB
BCCCB
CCAAB
CAABB
CCCCC",5x5,3
5x5_5c_10_22075c83.txt,"C...C
..EDA
.....
.DEBA
....B","CCCCC
EEEDA
EDDDA
EDEBA
EEEBB",5x5,5
6x6_5c_9_25f9a72a.txt,"C.D...
....B.
...B..
....E.
C.A..E
D....A","CDDEEE
CDEEBE
CDEBBE
CDEEEE
CDAEEE
DDAAAA",6x6,5
5x5_4c_7_904e33b2.txt,".....
.D.AB
B.ADC
C....
.....","BBBBB
BDAAB
BDADC
CDDDC
CCCCC",5x5,4
7x7_6c_5_220f13d1.txt,".F.B...
.B...C.
..F....
.......
E.....A
C.E....
D....DA","FFBBEEE
FBBEECE
FFFECCE
EEEECEE
ECCCCEA
CCEEEEA
DDDDDDA",7x7,6
9x9_9c_10_b1d5c5be.txt,"..BH.....
.........
..F......
B......A.
GID..A...
...C....H
.DI..C.FE
.......E.
........G","BBBHHHHHH
BAAAAAAAH
BAFFFFFAH
BAAAAAFAH
GIDDDAFFH
GIICDDDFH
GDICCCDFE
GDDDDDDEE
GGGGGGGGG",9x9,9
8x8_8c_5_eba37cd0.txt,"D.......
........
GB....G.
B.E.F.E.
........
.CA..H..
....C..D
...FH..A","DDDDDDDD
GGGGGGGD
GBEEEEGD
BBEFFEED
FFFFAAAD
FCAAAHAD
FCCCCHAD
FFFFHHAA",8x8,8
5x5_4c_6_812f5e6a.txt,"AB...
...C.
DA...
.C.BD
.....","ABBBB
AACCB
DACBB
DCCBD
DDDDD",5x5,4
8x8_6c_6_13c2982c.txt,"........
.D...A..
..DC....
B.F..FA.
..E.....
..C.....
......B.
E.......","CCCCFFFF
CDDCFAAF
CCDCFFAF
BCFFFFAF
BCEEFFFF
BCCEEEEE
BBBBBBBE
EEEEEEEE",8x8,6
9x9_8c_3_21bd5b1f.txt,"..HCE..FE
.G.......
.H......D
.....F..A
.B.......
...D.....
.....B...
......C..
..G.....A","HHHCEFFFE
HGGCEFEEE
HHGCEFEDD
GGGCEFEDA
GBCCEEEDA
GBCDDDDDA
GBCCCBBBA
GBBBCCCBA
GGGBBBBBA",9x9,8
6x6_6c_6_396060ff.txt,"AEF...
....D.
...DC.
B.....
....C.
.BA.EF","AEFFFF
AEEDDF
AAEDCF
BAEECF
BAAECF
BBAEEF",6x6,6
9x9_9c_1_1956903b.txt,".........
.C..B..E.
..BF..H..
FC.......
...H.....
E.G......
..D...AI.
.A.......
GI....D..","FFFFFFHHH
FCBBBFHEH
FCBFFFHEH
FCEEEEEEH
EEEHHHHHH
EGGDDDDDD
GGDDAAAID
GAAAAIIID
GIIIIIDDD",9x9,9
6x6_6c_8_f86ee188.txt,"BD...E
.ED.C.
....A.
......
BAC...
F....F","BDDEEE
BEDECC
BEEEAC
BAAAAC
BACCCC
FFFFFF",6x6,6
5x5_3c_4_87fc29c5.txt,"...A.
.C.B.
..B..
..C..
....A","BBBAA
BCBBA
BCBBA
BCCBA
BBBBA",5x5,3
8x8_8c_2_a7f0c08f.txt,"......BH
.E..H...
A.....B.
C..EG.F.
..A.....
........
..CD..F.
D...G...","AAABBBBH
AEABHHHH
AEABBBBB
CEAEGBFB
CEAEGBFB
CEEEGBFB
CCCDGBFB
DDDDGBBB",8x8,8
6x6_6c_7_396060ff.txt,"AEF...
....D.
...DC.
B.....
....C.
.BA.EF","AEFFFF
AEEDDF
AAEDCF
BAEECF
BAAECF
BBAEEF",6x6,6
8x8_6c_4_5f121b29.txt,"........
......B.
.....C..
.....A.E
F...D...
E.C.A.F.
....B.D.
........","FFFFFFFF
FBBBBBBF
FBCCCCFF
FBCAAAFE
FBCADDFE
EBCAADFE
EBBBBDDE
EEEEEEEE",8x8,6
5x5_5c_6_a482332b.txt,"E.DA.
C..B.
.....
..D..
C.EBA","EEDAA
CEDBA
CEDBA
CEDBA
CEEBA",5x5,5
7x7_5c_4_26f5cc22.txt,"DE.B...
.....C.
....C..
.......
....B..
...A.A.
.D.E...","DEBBAAA
DEBAACA
DEBACCA
DEBAAAA
DEBBBAA
DEEAAAA
DDEEAAA",7x7,5
7x7_7c_2_d3be7e23.txt,".C....B
......A
....DEF
..AG...
.......
C..D.E.
B..GF..","CCBBBBB
CBBAAAA
CBAADEF
CBAGDEF
CBGGDEF
CBGDDEF
BBGGFFF",7x7,7
6x6_4c_4_145c5d4f.txt,".....B
..AC..
.....C
...D..
.AB.D.
......","BBBBBB
BAACCC
BABBBC
BABDBB
BABDDB
BBBBBB",6x6,4
6x6_6c_4_c60e480c.txt,"F.FA..
...DB.
......
.B..E.
.E.C.A
...D.C","FFFAAA
DDDDBA
DBBBBA
DBEEEA
DEECCA
DDDDCC",6x6,6
6x6_5c_8_25f9a72a.txt,"C.D...
....B.
...B..
....E.
C.A..E
D....A","CDDEEE
CDEEBE
CDEBBE
CDEEEE
CDAEEE
DDAAAA",6x6,5
9x9_9c_5_7e0506bb.txt,"FI.......
.E.......
...GA....
.....G...
...D...B.
.....DA..
..C....IB
..E..C...
....FH..H","FIIIIIIII
FEBBBBBBI
FEBGAAABI
FEBGGGABI
FEBDDDABI
FEBBBDAII
FECCBBBIB
FEECCCBBB
FFFFFHHHH",9x9,9
8x8_7c_7_d86e8aab.txt,".D..FE..
......A.
..A.....
...F.GCB
.E......
......C.
.GB.....
.......D","DDFFFEEE
DFFAAAAE
DFAAEEEE
DFFFEGCB
DEEEEGCB
DGGGGGCB
DGBBBBBB
DDDDDDDD",8x8,7
8x8_6c_6_176705c4.txt,"........
.A......
.....D..
..E.....
.D...AF.
..C.....
......B.
.EF..B.C","CCCCCCCC
CAAAAAAC
CCCCDDAC
EEECDAAC
EDCCDAFC
EDCDDFFC
EDDDFFBC
EEFFFBBC",8x8,6
7x7_7c_1_d3be7e23.txt,".C....B
......A
....DEF
..AG...
.......
C..D.E.
B..GF..","CCBBBBB
CBBAAAA
CBAADEF
CBAGDEF
CBGGDEF
CBGDDEF
BBGGFFF",7x7,7
6x6_4c_3_145c5d4f.txt,".....B
..AC..
.....C
...D..
.AB.D.
......","BBBBBB
BAACCC
BABBBC
BABDBB
BABDDB
BBBBBB",6x6,4
5x5_3c_10_3b862eec.txt,"A....
.B.B.
...C.
..C..
A....","ABBBB
ABBBB
ABBCB
ABCCB
ABBBB",5x5,3
10x10_10c_1_f58fcbac.txt,"H.........
..J..F.H..
.......C..
.DJDG.F...
..........
.......G..
BE.......C
......B...
.A..AI..E.
.........I","HDDDCCCCCC
HDJDCFFHHC
HDJDCCFCHC
HDJDGCFCHC
HHHHGCCCHC
BBBHGGGGHC
BEBHHHHHHC
EEBBBBBIII
EAAAAIIIEI
EEEEEEEEEI",10x10,10
5x5_5c_6_4f5ec3ca.txt,"DECB.
.....
..E.B
DC..A
A....","DECBB
DECCB
DEECB
DCCCA
AAAAA",5x5,5
9x9_9c_6_dd9b1f9e.txt,".........
....H....
..D...H..
.........
EI....I..
BF.C...DE
..FG....A
C...B.G..
........A","EEEEEEEEE
EHHHHDDDE
EHDDDDHDE
EHHHHHHDE
EIIIIIIDE
BFFCCCCDE
BBFGGGCCA
CBBBBGGCA
CCCCCCCCA",9x9,9
5x5_5c_5_4f5ec3ca.txt,"DECB.
.....
..E.B
DC..A
A....","DECBB
DECCB
DEECB
DCCCA
AAAAA",5x5,5
6x6_5c_8_3ac21572.txt,"......
B.....
...A..
.A.CE.
.D..B.
.ED..C","BBBBBB
BEEEEB
EEAAEB
EAACEB
EDDCBB
EEDCCC",6x6,5
5x5_3c_9_3b79ecca.txt,".....
B..C.
...A.
.A.B.
....C","BBBBB
BCCCB
CCAAB
CAABB
CCCCC",5x5,3
5x5_5c_5_22075c83.txt,"C...C
..EDA
.....
.DEBA
....B","CCCCC
EEEDA
EDDDA
EDEBA
EEEBB",5x5,5
7x7_7c_4_331bf87b.txt,"......E
.GAEF.F
.......
.CBG.D.
.......
.CB.D..
....A..","AAAEEEE
AGAEFFF
AGGGAAA
ACBGADA
ACBAADA
ACBADDA
AAAAAAA",7x7,7
7x7_6c_10_2a5b24a6.txt,"D.....A
C..F...
...B...
....F..
.......
.CD..B.
E.EA...","DDAAAAA
CDAFFFF
CDABBBF
CDAAFBF
CDDAFBF
CCDAFBF
EEEAFFF",7x7,6
10x10_10c_1_a63c6afb.txt,"..B......E
..........
........C.
.E.GC.....
.......BG.
F.......J.
......D..H
.D.J..I.A.
..........
F......IHA","BBBEEEEEEE
BEEEJJJJJJ
BEJJJCCCCJ
BEJGCCGGGJ
BBJGGGGBGJ
FBJJBBBBJJ
FBBJBDDHHH
FDBJBDIHAA
FDBBBDIHHA
FDDDDDIIHA",10x10,10
9x9_9c_9_503c7f99.txt,"...B.....
EH..A...A
....F.G..
H......G.
.........
...D...CI
..D......
....CBF..
..E.....I","EEEBAAAAA
EHEBAFFFA
HHEBFFGFF
HEEBBBGGF
EECCCBFFF
ECCDCBFCI
ECDDCBFCI
ECCCCBFCI
EEECCCCCI",9x9,9
5x5_5c_9_a482332b.txt,"E.DA.
C..B.
.....
..D..
C.EBA","EEDAA
CEDBA
CEDBA
CEDBA
CEEBA",5x5,5
5x5_5c_4_22075c83.txt,"C...C
..EDA
.....
.DEBA
....B","CCCCC
EEEDA
EDDDA
EDEBA
EEEBB",5x5,5
9x9_8c_6_08c857eb.txt,"B........
H.....F..
......GF.
H..D.....
G.A.E....
........B
.C....E.D
...C..A..
.........","BBBBBBBBB
HGGGGGFFB
HGAAAGGFB
HGADAAAAB
GGADEEEAB
GGGDDDEAB
GCGGGDEAD
GCCCGDAAD
GGGGGDDDD",9x9,8
8x8_7c_9_aad8ae11.txt,"...A....
...DFE..
..B.....
....G...
...C...F
A..G....
EDC...B.
........","AAAAFFFF
ADDDFEEF
ADBBBBEF
ADGGGBEF
ADGCCBEF
ADGGCBEE
EDCCCBBE
EEEEEEEE",8x8,7
5x5_3c_7_87fc29c5.txt,"...A.
.C.B.
..B..
..C..
....A","BBBAA
BCBBA
BCBBA
BCCBA
BBBBA",5x5,3
8x8_7c_5_d4345423.txt,"........
.C......
..AF.D..
....DG..
........
F.E.....
G.BEB.C.
......A.","AAAAAAAA
ACCCCCCA
AAAFDDCA
FFFFDGCA
FBBBBGCA
FBEEBGCA
GBBEBGCA
GGGGGGAA",8x8,7
5x5_3c_8_3b862eec.txt,"A....
.B.B.
...C.
..C..
A....","ABBBB
ABBBB
ABBCB
ABCCB
ABBBB",5x5,3
8x8_8c_1_67d5ba9e.txt,".....HGD
..FB....
..H..G..
B.D....F
A.......
.EC.....
....E.A.
......C.","BBBBHHGD
BFFBHGGD
BFHHHGDD
BFDDDDDF
AFFFFFFF
AECCCCCC
AEEEEAAC
AAAAAACC",8x8,8
6x6_5c_10_25f9a72a.txt,"C.D...
....B.
...B..
....E.
C.A..E
D....A","CDDEEE
CDEEBE
CDEBBE
CDEEEE
CDAEEE
DDAAAA",6x6,5
8x8_7c_2_50f367b4.txt,".C....AG
.A.E....
..F.DB..
D......G
...BE...
......F.
.C......
........","CCAAAAAG
CAAEDDDG
CCFEDBDG
DCFEEBDG
DCFBEBDD
DCFBBBFD
DCFFFFFD
DDDDDDDD",8x8,7
6x6_4c_10_a09192ab.txt,"C.B...
A.....
...A..
.D....
.C.B..
.....D","CCBBBB
ACCCCB
AAAACB
DDCCCB
DCCBBB
DDDDDD",6x6,4
6x6_6c_3_c60e480c.txt,"F.FA..
...DB.
......
.B..E.
.E.C.A
...D.C","FFFAAA
DDDDBA
DBBBBA
DBEEEA
DEECCA
DDDDCC",6x6,6
5x5_3c_6_87fc29c5.txt,"...A.
.C.B.
..B..
..C..
....A","BBBAA
BCBBA
BCBBA
BCCBA
BBBBA",5x5,3
7x7_7c_2_a92aa206.txt,"FG.....
...FDEG
D......
B.....E
A...A.C
.......
BC.....","FGGGGGG
FFFFDEG
DDDDDEE
BBBBBBE
AAAAABC
BBBBBBC
BCCCCCC",7x7,7
8x8_6c_1_14765f5e.txt,"........
.F.....C
.B.F.E..
........
D...A.E.
..B.....
...C..DA
........","CCCCCCCC
CFFFDDDC
CBBFDEDD
CCBDDEED
DCBDAAED
DCBDDADD
DCCCDADA
DDDDDAAA",8x8,6
6x6_4c_6_145c5d4f.txt,".....B
..AC..
.....C
...D..
.AB.D.
......","BBBBBB
BAACCC
BABBBC
BABDBB
BABDDB
BBBBBB",6x6,4
6x6_5c_3_3ac21572.txt,"......
B.....
...A..
.A.CE.
.D..B.
.ED..C","BBBBBB
BEEEEB
EEAAEB
EAACEB
EDDCBB
EEDCCC",6x6,5
6x6_5c_10_3ac21572.txt,"......
B.....
...A..
.A.CE.
.D..B.
.ED..C","BBBBBB
BEEEEB
EEAAEB
EAACEB
EDDCBB
EEDCCC",6x6,5
8x8_8c_6_86c5e3a0.txt,".EF...AH
.G.CF...
...A...B
.....C..
........
E...DG..
..H.....
DB......","EEFFFAAH
EGCCFAHH
EGCAAAHB
EGCCCCHB
EGGGGGHB
EDDDDGHB
DDHHHHHB
DBBBBBBB",8x8,8
10x10_9c_9_61ffb2de.txt,".F...B....
.A.H.H.I..
..........
F.......I.
...DAD...C
.G.....E..
...B....G.
..........
..........
.....EC...","FFBBBBCCCC
FABHHHCIIC
FABBBBCCIC
FAAAABBCIC
EEEDADBCCC
EGEDDDBECC
EGEBBBBEGC
EGEEEEEEGC
EGGGGGGGGC
EEEEEECCCC",10x10,9
6x6_6c_10_3a68d0e8.txt,"BA...A
..E...
..D.F.
..F..D
..C.CE
B.....","BAAAAA
BEEDDD
BEDDFD
BEFFFD
BECCCE
BEEEEE",6x6,6
5x5_4c_8_812f5e6a.txt,"AB...
...C.
DA...
.C.BD
.....","ABBBB
AACCB
DACBB
DCCBD
DDDDD",5x5,4
9x9_9c_3_bb39e0a5.txt,"C.GD.....
H......A.
..G.D....
H........
B..I....I
...F.BE..
...A...E.
....C..F.
.........","CCGDDDDDD
HCGAAAAAD
HCGADDDDD
HCAAIIIII
BCAIIBBBI
BCAFFBEBB
BCAAFFEEB
BCCCCFFFB
BBBBBBBBB",9x9,9
9x9_8c_5_e51c3380.txt,"C......F.
.E...H...
...G.AHE.
..G....B.
.........
.C.A...D.
B........
F.....D..
.........","CEEEEEEFF
CEHHHHEEF
CHHGAAHEF
CHGGAHHBF
CHHAAHBBF
CCHAHHBDF
BBHHHBBDF
FBBBBBDDF
FFFFFFFFF",9x9,8
9x9_7c_3_b3558dd5.txt,"........G
....A....
G.C......
B...F.B..
.........
.C.F.....
.D....E.E
..D..A...
.........","GGGGGGGGG
GBBBAAAAA
GBCBFFFFA
BBCBFBBFA
CCCBBBFFA
CCCFFFFAA
CDCCEEEAE
CDDCEAAAE
CCCCEEEEE",9x9,7
7x7_7c_5_ae0f223a.txt,".....EG
.D.....
....CE.
A....F.
B..CD..
....A..
BF....G","CCCCCEG
CDDDCEG
CCCDCEG
AACDDFG
BACCDFG
BAAAAFG
BFFFFFG",7x7,7
10x10_9c_3_bf7c15fb.txt,".......F..
.....C..A.
..H.HG....
..........
......D.G.
..AE......
..........
.D..I.FE..
.I......C.
....B.B...","AAAAAAAFFF
ACCCCCAAAF
ACHHHGGGGF
ACCCCCCCGF
ADDDDDDCGF
ADAEEEECCF
ADAAAAEECF
ADIIIAFECF
AIIAAAFFCF
AAAABBBFFF",10x10,9
8x8_6c_3_271db818.txt,"CD.....D
....C...
....E.B.
.A..F...
....B...
....E...
.AF.....
........","CDDDDDDD
CCCCCEEE
EEEEEEBE
EAFFFEBE
EAFBBEBE
EAFBEEBE
EAFBBBBE
EEEEEEEE",8x8,6
8x8_6c_7_1f3b452b.txt,"........
.B..CF..
......F.
..D.A...
..C....A
......BD
.E....E.
........","DDDCCCCC
DBDCCFFC
DBDCCCFC
DBDCACCC
DBCCAAAA
DBBBBBBD
DEEEEEED
DDDDDDDD",8x8,6
7x7_6c_8_2a5b24a6.txt,"D.....A
C..F...
...B...
....F..
.......
.CD..B.
E.EA...","DDAAAAA
CDAFFFF
CDABBBF
CDAAFBF
CDDAFBF
CCDAFBF
EEEAFFF",7x7,6
8x8_7c_8_d3386298.txt,"EA..B..B
........
.D......
.....EG.
........
..G..ACF
........
DC...F..","EAAABBBB
EEEAAAAA
DDEGGGGA
DEEGEEGA
DEGGEAAA
DEGEEACF
DEEECCCF
DCCCCFFF",8x8,7
10x10_9c_5_ce9aa220.txt,".H........
.D........
....BI.IH.
.....E....
........DE
.....G....
B..A......
F....G..A.
.....C....
...F....C.","HHDDDDDDDD
HDDHHHHHHD
HHHHBIIIHD
BBBBBEEEDD
BAAAAAAEDE
BAGGGGAEEE
BAGAAAACCC
FAGGGGCCAC
FAAAACCAAC
FFFFAAAACC",10x10,9
5x5_3c_6_3b862eec.txt,"A....
.B.B.
...C.
..C..
A....","ABBBB
ABBBB
ABBCB
ABCCB
ABBBB",5x5,3
9x9_9c_7_d151790b.txt,"...H....A
HI...B..E
......I..
.........
..C..GC..
...F.....
......AD.
..F...D..
BG..E....","HHHHIIIAA
HIIIIBIAE
BBBBBBIAE
BFFFCCCAE
BFCFCGCAE
BFCFCGAAE
BFCCCGADE
BFFGGGDDE
BGGGEEEEE",9x9,9
6x6_6c_1_35b6178f.txt,"F.A.ED
....D.
..E..A
....C.
....FC
B....B","FAAEED
FAEEDD
FAEAAA
FAAACC
FFFFFC
BBBBBB",6x6,6
8x8_8c_9_3b537bc3.txt,".F.....H
.E....A.
....D.GA
.......C
.E...G..
.BH..B..
........
FD...C..","FFHHHHHH
FEHGGGAA
FEHGDGGA
FEHGDDDC
FEHGGGDC
FBHBBBDC
FBBBDDDC
FDDDDCCC",8x8,8
5x5_3c_1_3b862eec.txt,"A....
.B.B.
...C.
..C..
A....","ABBBB
ABBBB
ABBCB
ABCCB
ABBBB",5x5,3
9x9_7c_9_d3ff1418.txt,"...EA..B.
.C.......
...CD....
.....G...
..F......
....D....
...AG....
.F..E....
........B","CCCEAAABB
CCCEEEAAB
CCCCDEEAB
CCCCDGEAB
CFFCDGEAB
CFCCDGEAB
CFCAGGEAB
CFCAEEEAB
CCCAAAAAB",9x9,7
9x9_9c_4_28d534c2.txt,"..D.HB...
.........
..CF.B...
.H..AG.F.
..E......
......I.I
D..G.....
.......A.
EC.......","DDDHHBBBB
DHHHFFFFB
DHCFFBBFB
DHCCAGBFB
DEECAGBBB
DECCAGIII
DECGAGGGG
EECGAAAAG
ECCGGGGGG",9x9,9
8x8_7c_9_9d87e141.txt,"B...G..G
....ED.D
.EF.....
..B...A.
........
........
.C..FA..
...C....","BBBBGGGG
FFFBEDDD
FEFBECCC
FEBBECAC
FEEEECAC
FCCCCCAC
FCFFFAAC
FFFCCCCC",8x8,7
5x5_5c_8_4f5ec3ca.txt,"DECB.
.....
..E.B
DC..A
A....","DECBB
DECCB
DEECB
DCCCA
AAAAA",5x5,5
5x5_4c_3_812f5e6a.txt,"AB...
...C.
DA...
.C.BD
.....","ABBBB
AACCB
DACBB
DCCBD
DDDDD",5x5,4
9x9_8c_9_fe00bcd5.txt,"D.....FC.
......B..
....F.C..
.........
..H.HA...
D...E....
.......B.
.........
EAG.....G","DFFFFFFCC
DFHHHHBBC
DFHFFHCBC
DFHFHHCBC
DFHFHACBC
DFFFEACBC
EEEEEACBC
EAAAAACCC
EAGGGGGGG",9x9,8
7x7_5c_1_a2f64424.txt,"E..B...
.A...A.
....C..
..B....
..E....
....C.D
D......","EEEBCCC
AAEBCAC
AEEBCAC
AEBBAAC
AEEAACC
AAAACCD
DDDDDDD",7x7,5
8x8_7c_6_d2bfa7eb.txt,"........
.E......
..FA....
....B...
.F.A..E.
...G....
BC...DG.
...DC...","CCCCCCCC
CEEEEEEC
CFFAAAEC
CFBBBAEC
CFBAAAEC
CCBGGGGC
BCBDDDGC
BBBDCCCC",8x8,7
6x6_6c_8_396060ff.txt,"AEF...
....D.
...DC.
B.....
....C.
.BA.EF","AEFFFF
AEEDDF
AAEDCF
BAEECF
BAAECF
BBAEEF",6x6,6
8x8_8c_3_671c264d.txt,".H......
.CB...C.
....F...
.G...BA.
..H...D.
EG...DF.
.A......
..E.....","HHBBBBBB
HCBCCCCB
HCCCFBBB
HGGGFBAA
HHHGFDDA
EGGGFDFA
EAAAFFFA
EEEAAAAA",8x8,8
6x6_5c_6_3ac21572.txt,"......
B.....
...A..
.A.CE.
.D..B.
.ED..C","BBBBBB
BEEEEB
EEAAEB
EAACEB
EDDCBB
EEDCCC",6x6,5
9x9_7c_7_126ff9b4.txt,"...FG....
..E....A.
.EF.B....
.D.......
.....C.B.
.........
.........
.D......C
......A.G","FFFFGGGGG
FEEAAAAAG
FEFABBBBG
FDFAGGGBG
FDFAGCGBG
FDFAGCGGG
FDFAGCCCC
FDFAGGGGC
FFFAAAAGG",9x9,7
7x7_7c_7_ef6fad8a.txt,"E..E...
..C..F.
.A.GF..
...D..G
B...A..
......D
....B.C","EEEEGGG
CCCGGFG
CAAGFFG
CCADDDG
BCAAADD
BCCCCCD
BBBBBCC",7x7,7
9x9_9c_8_d1aea511.txt,".......A.
.........
.CH......
...F.....
...EGH..A
.I...C..E
...IGF...
.B.......
BD......D","FFFFFFFAA
FCCCCCFFA
FCHHHCCFA
FFFFHHCFA
EEEEGHCFA
EIIIGCCFE
EEEIGFFFE
BBEEEEEEE
BDDDDDDDD",9x9,9
8x8_8c_1_25624d86.txt,".......H
.....F..
..G..B..
...BH...
A..C....
........
F.EGC.A.
E.D.D...","AAAAAAAH
AFFFFFAH
AFGBBBAH
AFGBHHAH
AFGCCHAH
FFGGCHAH
FEEGCHAH
EEDDDHHH",8x8,8
6x6_6c_9_396060ff.txt,"AEF...
....D.
...DC.
B.....
....C.
.BA.EF","AEFFFF
AEEDDF
AAEDCF
BAEECF
BAAECF
BBAEEF",6x6,6
9x9_9c_7_71aa2cff.txt,"....BA...
B......C.
..E..E...
I........
..G......
.........
.C....G.A
.FDF....H
I.....DH.","BBBBBAAAA
BIIIIIICA
IIEEEEICA
IIIIIIICA
IIGGGGGCA
ICCCCCGCA
ICDDDCGCA
IFDFDCCCH
IFFFDDDHH",9x9,9
7x7_6c_4_13d5d5cf.txt,"......E
.......
DBC.BD.
.....C.
.A...F.
...E...
.F....A","DDDDDDE
DBBBBDE
DBCCBDE
FFFCCCE
FAFFFFE
FAAEEEE
FFAAAAA",7x7,6
6x6_6c_9_f86ee188.txt,"BD...E
.ED.C.
....A.
......
BAC...
F....F","BDDEEE
BEDECC
BEEEAC
BAAAAC
BACCCC
FFFFFF",6x6,6
7x7_6c_9_2a5b24a6.txt,"D.....A
C..F...
...B...
....F..
.......
.CD..B.
E.EA...","DDAAAAA
CDAFFFF
CDABBBF
CDAAFBF
CDDAFBF
CCDAFBF
EEEAFFF",7x7,6
7x7_7c_3_f76c93f4.txt,"E...D.B
AE.B..F
.G.CF..
..D...C
..A....
.....G.
.......","EEDDDBB
AEDBBBF
AGDCFFF
AGDCCCC
AGAAAAA
AGGGGGA
AAAAAAA",7x7,7
8x8_8c_6_410da633.txt,"D....DE.
........
.B.C....
.G..H...
A..HB..E
C......F
....A.G.
......F.","DDDDDDEE
GGGGGGGE
GBBCCCGE
GGBHHCGE
AABHBCGE
CABBBCGF
CAAAACGF
CCCCCCFF",8x8,8
10x10_9c_4_ee625044.txt,".....I..C.
......D..C
..H.......
.F......A.
..........
.EG.B.....
.H....GD..
.B.....F..
....E.....
A.....I...","GGGGGIIICC
GFFFGGDIIC
GFHFFGDDII
GFHHFGGDAI
GGGHFFGDAI
EEGHBFGDAI
EHHHBFGDAI
EBBBBFFFAI
EEEEEAAAAI
AAAAAAIIII",10x10,9
5x5_3c_5_3b79ecca.txt,".....
B..C.
...A.
.A.B.
....C","BBBBB
BCCCB
CCAAB
CAABB
CCCCC",5x5,3
6x6_4c_2_a09192ab.txt,"C.B...
A.....
...A..
.D....
.C.B..
.....D","CCBBBB
ACCCCB
AAAACB
DDCCCB
DCCBBB
DDDDDD",6x6,4
6x6_4c_8_f296c06e.txt,"......
......
...B.D
...C..
.....A
DA.B.C","DDDDDD
DAAAAD
DABBAD
DABCAA
DABCCA
DABBCC",6x6,4
7x7_7c_8_a7b3eb1c.txt,"......F
..B...G
.BD...A
.E.G.CF
...DA..
....EC.
.......","FFFFFFF
FBBGGGG
FBDGAAA
FEDGACF
FEDDACF
FEEEECF
FFFFFFF",7x7,7
6x6_6c_5_f86ee188.txt,"BD...E
.ED.C.
....A.
......
BAC...
F....F","BDDEEE
BEDECC
BEEEAC
BAAAAC
BACCCC
FFFFFF",6x6,6
8x8_6c_3_dc1bb401.txt,".....F.A
......F.
..B.A...
......D.
...CE...
.......E
........
.D....CB","DDDDDFFA
DCCCDDFA
DCBCADDA
DCBCAADA
DCBCEAAA
DCBBEEEE
DCCBBBBB
DDCCCCCB",8x8,6
8x8_8c_8_6ac110ec.txt,"........
.F..C...
..D..BCF
D.......
.G.AB.G.
.HA.....
.......H
.....E.E","DDDFFFFF
DFDFCCCF
DFDFBBCF
DFFFBHHH
GGAABHGH
GHAHHHGH
GHHHGGGH
GGGGGEEE",8x8,8
10x10_9c_7_6588d764.txt,"I.HA......
....EB....
..........
..A.......
.....GF...
..D.......
..I.E.....
........B.
.D.CF.G.H.
....C.....","IHHAEEEEEE
IHAAEBBBBE
IHAHHHHHBE
IHAHFFFHBE
IHHHFGFHBE
IDDFFGGHBE
IDIFEEGHBE
IDIFFEGHBE
IDICFEGHHE
IIICCEEEEE",10x10,9
5x5_5c_8_a482332b.txt,"E.DA.
C..B.
.....
..D..
C.EBA","EEDAA
CEDBA
CEDBA
CEDBA
CEEBA",5x5,5
5x5_4c_5_904e33b2.txt,".....
.D.AB
B.ADC
C....
.....","BBBBB
BDAAB
BDADC
CDDDC
CCCCC",5x5,4
7x7_6c_6_220f13d1.txt,".F.B...
.B...C.
..F....
.......
E.....A
C.E....
D....DA","FFBBEEE
FBBEECE
FFFECCE
EEEECEE
ECCCCEA
CCEEEEA
DDDDDDA",7x7,6
6x6_5c_1_3ac21572.txt,"......
B.....
...A..
.A.CE.
.D..B.
.ED..C","BBBBBB
BEEEEB
EEAAEB
EAACEB
EDDCBB
EEDCCC",6x6,5
8x8_8c_5_76af8782.txt,"C.......
..BHEDFE
....B...
....HDA.
.C......
........
.G...A..
.....G.F","CHHHEEEE
CHBHEDFE
CHBBBDFF
CHHHHDAF
CCAAAAAF
AAAGGGGF
AGGGAAGF
AAAAAGGF",8x8,8
7x7_5c_9_d45b6049.txt,"......D
.A.....
D....C.
..A....
.......
.E...B.
.CBE...","DDDDDDD
DAAAAAA
DCCCCCA
CCAAAAA
CEEEEEE
CEBBBBE
CCBEEEE",7x7,5
9x9_7c_8_72f89e8a.txt,"....F....
..E..AFB.
..A......
...E.....
.GD......
......B..
.DG..C...
.......C.
.........","AAAAFAAAA
AEEAFAFBA
AEAAFFFBA
AEEEBBBBA
AGDDBCCCA
AGGDBCBCA
ADGDBCBCA
ADDDBBBCA
AAAAAAAAA",9x9,7
7x7_5c_4_629a2f5e.txt,"...CD..
.AB..A.
....D..
.......
.......
.....B.
CE.E...","CCCCDDD
CABAAAD
CABADDD
CABAAAA
CABBBBA
CAAAABA
CEEEAAA",7x7,5
5x5_5c_5_a482332b.txt,"E.DA.
C..B.
.....
..D..
C.EBA","EEDAA
CEDBA
CEDBA
CEDBA
CEEBA",5x5,5
10x10_9c_1_eb7c4808.txt,"..........
.G...C.F..
...A.G....
.A.......E
.D........
..H.B.....
..C.......
.......H..
.D........
....I.BIEF","CCCCCCEEEE
CGGGGCEFFE
CAAAGGEEFE
CAHHHHHEFE
CDHIIIHEFF
CDHIBIHEEF
CDCIBIHHEF
CDCIBIIHEF
CDCIBBIIEF
CCCIIBBIEF",10x10,9
7x7_6c_8_220f13d1.txt,".F.B...
.B...C.
..F....
.......
E.....A
C.E....
D....DA","FFBBEEE
FBBEECE
FFFECCE
EEEECEE
ECCCCEA
CCEEEEA
DDDDDDA",7x7,6
7x7_5c_7_d45b6049.txt,"......D
.A.....
D....C.
..A....
.......
.E...B.
.CBE...","DDDDDDD
DAAAAAA
DCCCCCA
CCAAAAA
CEEEEEE
CEBBBBE
CCBEEEE",7x7,5
6x6_6c_4_f86ee188.txt,"BD...E
.ED.C.
....A.
......
BAC...
F....F","BDDEEE
BEDECC
BEEEAC
BAAAAC
BACCCC
FFFFFF",6x6,6
6x6_4c_1_f296c06e.txt,"......
......
...B.D
...C..
.....A
DA.B.C","DDDDDD
DAAAAD
DABBAD
DABCAA
DABCCA
DABBCC",6x6,4
7x7_5c_8_a2f64424.txt,"E..B...
.A...A.
....C..
..B....
..E....
....C.D
D......","EEEBCCC
AAEBCAC
AEEBCAC
AEBBAAC
AEEAACC
AAAACCD
DDDDDDD",7x7,5
7x7_7c_5_c7b7fb36.txt,".....D.
...C.F.
.C.....
.D.BF.G
..B...A
E....G.
....EA.","FFFFFDD
FCCCFFD
FCDDDDD
FDDBFGG
FFBBFGA
EFFFFGA
EEEEEAA",7x7,7
5x5_5c_4_4f5ec3ca.txt,"DECB.
.....
..E.B
DC..A
A....","DECBB
DECCB
DEECB
DCCCA
AAAAA",5x5,5
8x8_6c_2_dc1bb401.txt,".....F.A
......F.
..B.A...
......D.
...CE...
.......E
........
.D....CB","DDDDDFFA
DCCCDDFA
DCBCADDA
DCBCAADA
DCBCEAAA
DCBBEEEE
DCCBBBBB
DDCCCCCB",8x8,6
9x9_7c_5_64e8fc42.txt,".....A...
.GD......
..G.....A
.B.......
....CB.E.
........C
.E......D
.........
F.......F","CCCCCAAAA
CGDDCCCCA
CGGDDDDCA
CBBBBBDCC
CCCCCBDEC
DDDDDDDEC
DEEEEEEED
DDDDDDDDD
FFFFFFFFF",9x9,7
9x9_7c_8_bb2794e7.txt,".EA....CG
E........
D....F...
...A.....
....B....
......CB.
.........
.....G...
...D....F","EEAAAAACG
EFFFFFACG
DFBBBFACG
DFBABAACG
DFBABACCG
DFBAAACBG
DFBBBBBBG
DFFFFGGGG
DDDDFFFFF",9x9,7
8x8_6c_5_176705c4.txt,"........
.A......
.....D..
..E.....
.D...AF.
..C.....
......B.
.EF..B.C","CCCCCCCC
CAAAAAAC
CCCCDDAC
EEECDAAC
EDCCDAFC
EDCDDFFC
EDDDFFBC
EEFFFBBC",8x8,6
7x7_7c_6_96ca9115.txt,"F.....D
.B.....
B..E.F.
..A....
....DG.
.AE....
.GC...C","FFFFFFD
BBGGGFD
BGGEGFD
GGAEGGD
GAAEDGD
GAEEDDD
GGCCCCC",7x7,7
9x9_9c_4_f2284643.txt,"........C
....F.EA.
..G...I..
....F.E..
..G.B..IC
..H......
....H....
..D...D..
A.......B","AAAAAAAAC
AHHHFEEAC
AHGHFEIIC
AHGHFEEIC
AHGHBBBIC
AHHHHHBBB
AHHHHHHHB
AHDDDDDHB
AHHHHHHHB",9x9,9
10x10_10c_2_a39d9d3d.txt,"AB......BD
.....A....
E...I..J.J
......G...
...I......
..C..G....
E.........
FCH.......
.....H..D.
...F......","ABBBBBBBBD
AAAAAADDDD
EIIIIDDJJJ
EICCCDGGGG
EICICDDDDG
EICICGGGDG
EIIICCCGDG
FCHHHHCGDG
FCCCCHCGDG
FFFFCCCGGG",10x10,10
5x5_3c_6_3b79ecca.txt,".....
B..C.
...A.
.A.B.
....C","BBBBB
BCCCB
CCAAB
CAABB
CCCCC",5x5,3
8x8_8c_9_12367174.txt,"........
......F.
...H....
.F.E.C.A
E..D....
G.B....A
...H....
..GB..DC","EEEEEEEE
EFFFFFFE
EFHHEEEE
EFHEECCA
EHHDDDCA
GHBBBDCA
GHHHBDCC
GGGBBDDC",8x8,8
8x8_6c_8_7d3b36a6.txt,"....AB.E
........
..BD.E..
.....D..
A.......
F.......
C......F
.......C","AAAAABBE
AEEEEEBE
AEBDDEBE
AEBBDDBE
AEEBBBBE
FFEEEEEE
CFFFFFFF
CCCCCCCC",8x8,6
6x6_5c_1_25f9a72a.txt,"C.D...
....B.
...B..
....E.
C.A..E
D....A","CDDEEE
CDEEBE
CDEBBE
CDEEEE
CDAEEE
DDAAAA",6x6,5
7x7_5c_10_799f6348.txt,"C......
..DEA..
.......
.C.AE..
..D....
B......
......B","CCCCCCC
CCDEAAC
CCDEEAC
CCDAEAC
CCDAAAC
BCCCCCC
BBBBBBB",7x7,5
8x8_8c_1_9c6e60cd.txt,"......G.
.FE.....
.......G
........
.HABF.EA
HB......
......D.
CD....C.","AAAAAAGG
AFEEEAAG
AFFFEEAG
AAAFFEAA
HHABFEEA
HBBBCCCC
CCCCCDDC
CDDDDDCC",8x8,8
5x5_5c_9_22075c83.txt,"C...C
..EDA
.....
.DEBA
....B","CCCCC
EEEDA
EDDDA
EDEBA
EEEBB",5x5,5
9x9_8c_10_2471bb38.txt,"........D
.E...F..A
.........
A..BG....
E..C...D.
.........
.GC......
.....H.H.
.FB......","AAAAAAADD
AEFFFFADA
AEFBBBADA
AEFBGBADA
EEFCGBADA
FFFCGBAAA
FGCCGBBBB
FGGGGHHHB
FFBBBBBBB",9x9,8
6x6_6c_7_f86ee188.txt,"BD...E
.ED.C.
....A.
......
BAC...
F....F","BDDEEE
BEDECC
BEEEAC
BAAAAC
BACCCC
FFFFFF",6x6,6
5x5_5c_2_4f5ec3ca.txt,"DECB.
.....
..E.B
DC..A
A....","DECBB
DECCB
DEECB
DCCCA
AAAAA",5x5,5
7x7_7c_10_547f74fe.txt,"C.....A
..E...G
.......
.C.E...
...B.AG
BF.....
D....DF","CBBBBAA
CBEEBAG
CBBEBAG
CCBEBAG
BBBBBAG
BFFFFFF
DDDDDDF",7x7,7
6x6_5c_5_25f9a72a.txt,"C.D...
....B.
...B..
....E.
C.A..E
D....A","CDDEEE
CDEEBE
CDEBBE
CDEEEE
CDAEEE
DDAAAA",6x6,5
5x5_3c_3_3b862eec.txt,"A....
.B.B.
...C.
..C..
A....","ABBBB
ABBBB
ABBCB
ABCCB
ABBBB",5x5,3
5x5_5c_1_a482332b.txt,"E.DA.
C..B.
.....
..D..
C.EBA","EEDAA
CEDBA
CEDBA
CEDBA
CEEBA",5x5,5
5x5_4c_9_904e33b2.txt,".....
.D.AB
B.ADC
C....
.....","BBBBB
BDAAB
BDADC
CDDDC
CCCCC",5x5,4
9x9_7c_7_dce8ae70.txt,"....FG...
.......B.
.AE..D...
...C.....
..DE.....
.........
..A......
......C..
.FB.....G","FFFFFGGGG
FAAAAAABG
FAEEEDABG
FCCCEDABG
FCDEEDABG
FCDDDDABG
FCAAAAABG
FCCCCCCBG
FFBBBBBBG",9x9,7
9x9_9c_8_da5d128a.txt,"...GB..BE
.........
.........
.F.......
.A..H....
.DC......
...H..A..
.I..D....
G...ICFE.","GGGGBBBBE
GFFFFFFFE
GFAAAAAFE
GFACCCAFE
GAACHCAFE
GDCCHCAFE
GDDHHCAFE
GIDDDCFFE
GIIIICFEE",9x9,9
5x5_3c_1_3b79ecca.txt,".....
B..C.
...A.
.A.B.
....C","BBBBB
BCCCB
CCAAB
CAABB
CCCCC",5x5,3
7x7_5c_10_9adff41d.txt,"C..AB.D
..E.E..
..C....
...A...
.......
B......
D......","CAAABBD
CAEEEBD
CACCCBD
CAAACBD
CCCCCBD
BBBBBBD
DDDDDDD",7x7,5
8x8_7c_4_2a92f0be.txt,"D....BGE
F.......
.D..A...
.......F
C..E.A..
..B..G..
........
.C......","DDBBBBGE
FDBGGGGE
FDBGAAEE
FFBGGAEF
CFBEGAEF
CFBEGGEF
CFFEEEEF
CCFFFFFF",8x8,7
8x8_6c_2_5e9b9218.txt,"A......B
...C....
.E......
...F....
........
F......B
.DE..C..
......DA","AAAAAAAB
DDDCCCAB
DEDDDCAB
DEEFDCAB
DDEFDCAB
FDEFDCAB
FDEFDCAA
FFFFDDDA",8x8,6
9x9_7c_10_67766dd4.txt,"B......C.
.......G.
.........
...F.E.G.
.A.A.D...
...D....B
F........
....E..C.
.........","BBBBBBBCC
EEEEEEBGC
EAAAAEBGC
EAFFAEBGC
EAFAADBCC
EEFDDDBCB
FEFFFFBCB
FEEEEFBCB
FFFFFFBBB",9x9,7
9x9_8c_8_aab17324.txt,"...DH....
.G.....C.
...D.....
...EHB..F
.........
.AEF.....
......BC.
.A..G....
.........","EEEDHBBBB
EGEDHBCCB
EGEDHBCBB
EGEEHBCBF
EGGGGCCBF
EAEFGCBBF
EAEFGCBCF
EAEFGCCCF
EEEFFFFFF",9x9,8
7x7_5c_3_a2f64424.txt,"E..B...
.A...A.
....C..
..B....
..E....
....C.D
D......","EEEBCCC
AAEBCAC
AEEBCAC
AEBBAAC
AEEAACC
AAAACCD
DDDDDDD",7x7,5
5x5_4c_7_812f5e6a.txt,"AB...
...C.
DA...
.C.BD
.....","ABBBB
AACCB
DACBB
DCCBD
DDDDD",5x5,4
5x5_5c_3_4f5ec3ca.txt,"DECB.
.....
..E.B
DC..A
A....","DECBB
DECCB
DEECB
DCCCA
AAAAA",5x5,5
8x8_6c_4_dc1bb401.txt,".....F.A
......F.
..B.A...
......D.
...CE...
.......E
........
.D....CB","DDDDDFFA
DCCCDDFA
DCBCADDA
DCBCAADA
DCBCEAAA
DCBBEEEE
DCCBBBBB
DDCCCCCB",8x8,6
6x6_4c_5_a09192ab.txt,"C.B...
A.....
...A..
.D....
.C.B..
.....D","CCBBBB
ACCCCB
AAAACB
DDCCCB
DCCBBB
DDDDDD",6x6,4
5x5_3c_10_3b79ecca.txt,".....
B..C.
...A.
.A.B.
....C","BBBBB
BCCCB
CCAAB
CAABB
CCCCC",5x5,3
7x7_5c_8_d45b6049.txt,"......D
.A.....
D....C.
..A....
.......
.E...B.
.CBE...","DDDDDDD
DAAAAAA
DCCCCCA
CCAAAAA
CEEEEEE
CEBBBBE
CCBEEEE",7x7,5
8x8_6c_8_b948f6b0.txt,".CB....B
..D..AF.
........
.....A..
........
...E.E..
......D.
C.....F.","CCBBBBBB
CDDAAAFF
CDAAEEEF
CDAEEAEF
CDAEAAEF
CDAEAEEF
CDAAADDF
CDDDDDFF",8x8,6
6x6_5c_4_3ac21572.txt,"......
B.....
...A..
.A.CE.
.D..B.
.ED..C","BBBBBB
BEEEEB
EEAAEB
EAACEB
EDDCBB
EEDCCC",6x6,5
7x7_5c_7_9adff41d.txt,"C..AB.D
..E.E..
..C....
...A...
.......
B......
D......","CAAABBD
CAEEEBD
CACCCBD
CAAACBD
CCCCCBD
BBBBBBD
DDDDDDD",7x7,5
5x5_4c_10_812f5e6a.txt,"AB...
...C.
DA...
.C.BD
.....","ABBBB
AACCB
DACBB
DCCBD
DDDDD",5x5,4
6x6_4c_9_f296c06e.txt,"......
......
...B.D
...C..
.....A
DA.B.C","DDDDDD
DAAAAD
DABBAD
DABCAA
DABCCA
DABBCC",6x6,4
8x8_7c_2_82209848.txt,".......E
.F...F..
........
..AD.G..
.......C
.D..G.E.
.A....B.
BC......","BBBBBBBE
BFFFFFBE
BDDDBBBE
BDADBGEE
BDABBGEC
BDABGGEC
BAABBBBC
BCCCCCCC",8x8,7
5x5_5c_10_a482332b.txt,"E.DA.
C..B.
.....
..D..
C.EBA","EEDAA
CEDBA
CEDBA
CEDBA
CEEBA",5x5,5
6x6_5c_2_25f9a72a.txt,"C.D...
....B.
...B..
....E.
C.A..E
D....A","CDDEEE
CDEEBE
CDEBBE
CDEEEE
CDAEEE
DDAAAA",6x6,5
10x10_9c_2_fd8c9afe.txt,"..DG...F.F
.E........
....D...H.
......GA..
...C...B..
..I....H.A
......B...
...I....E.
.C........
..........","DDDGGGGFFF
DEEEEEGAAA
DDDDDEGAHA
IIIIIEGAHA
ICCCIEBBHA
ICIIIEBHHA
ICEEEEBIII
ICEIIIIIEI
ICEEEEEEEI
IIIIIIIIII",10x10,9
7x7_6c_7_13d5d5cf.txt,"......E
.......
DBC.BD.
.....C.
.A...F.
...E...
.F....A","DDDDDDE
DBBBBDE
DBCCBDE
FFFCCCE
FAFFFFE
FAAEEEE
FFAAAAA",7x7,6
11x11_10c_1_2832e7ee.txt,"C....F.....
...J...F...
GH......E..
...........
.D.J.......
...B.......
....IA.A...
....B......
....C.E.I..
..D.GH.....
...........","CCCCCFEEEEE
GGGJCFEFFFE
GHGJCFEEEFE
HHGJCFFFFFE
HDGJCCCCCCE
HDGBIIIIICE
HDGBIAAAICE
HDGBBCCCICE
HDGGCCECICE
HDDGGHECCCE
HHHHHHEEEEE",11x11,10
7x7_7c_6_2c5e0644.txt,"......C
....A.A
..F..BD
.E.BE..
.CF....
.......
DG....G","CCCCCCC
CEEEAAA
CEFEEBD
CEFBEBD
CCFBBBD
DDDDDDD
DGGGGGG",7x7,7
6x6_4c_7_f296c06e.txt,"......
......
...B.D
...C..
.....A
DA.B.C","DDDDDD
DAAAAD
DABBAD
DABCAA
DABCCA
DABBCC",6x6,4
6x6_4c_2_145c5d4f.txt,".....B
..AC..
.....C
...D..
.AB.D.
......","BBBBBB
BAACCC
BABBBC
BABDBB
BABDDB
BBBBBB",6x6,4
9x9_8c_8_43f37569.txt,".....DA..
...H...B.
.....A...
.........
D...E..CH
G........
....B.EGC
........F
.......F.","DDDDDDAAA
DHHHBBBBA
DHBBBAAAA
DHBHHHHHH
DHBHEEECH
GHBHHHECC
GHBBBHEGC
GHHHHHGGF
GGGGGGGFF",9x9,8
10x10_9c_4_2e90136f.txt,"IC........
.G......B.
..IA...HC.
..........
.FD.......
.......G..
.......A..
..........
.F......D.
BE....EH..","ICCCCCCCCC
IGGGGGBBBC
IIIAAGBHCC
BBBBAGBHHH
BFDBAGBBBH
BFDBAGGGBH
BFDBAAAABH
BFDBBBBBBH
BFDDDDDDDH
BEEEEEEHHH",10x10,9
9x9_9c_2_b0120833.txt,"B...D....
.EF.I..AD
........G
B...I..E.
.........
....C....
..A.G.C..
.........
FH.H.....","BEEEDDDDD
BEFEIAAAD
BFFEIAGGG
BFEEIAGEE
FFEAAAGGE
FEEACCCGE
FEAAGGCGE
FEEEEGGGE
FHHHEEEEE",9x9,9
7x7_5c_7_a2f64424.txt,"E..B...
.A...A.
....C..
..B....
..E....
....C.D
D......","EEEBCCC
AAEBCAC
AEEBCAC
AEBBAAC
AEEAACC
AAAACCD
DDDDDDD",7x7,5
6x6_6c_5_c60e480c.txt,"F.FA..
...DB.
......
.B..E.
.E.C.A
...D.C","FFFAAA
DDDDBA
DBBBBA
DBEEEA
DEECCA
DDDDCC",6x6,6
7x7_7c_1_492d5742.txt,"......F
.B..C.C
..F....
..G....
.A..BA.
.E.E...
...GD.D","FFFFFFF
FBBBCCC
FFFBBBB
GGGAAAB
GAAABAB
GEEEBBB
GGGGDDD",7x7,7
6x6_4c_9_a09192ab.txt,"C.B...
A.....
...A..
.D....
.C.B..
.....D","CCBBBB
ACCCCB
AAAACB
DDCCCB
DCCBBB
DDDDDD",6x6,4
7x7_5c_9_799f6348.txt,"C......
..DEA..
.......
.C.AE..
..D....
B......
......B","CCCCCCC
CCDEAAC
CCDEEAC
CCDAEAC
CCDAAAC
BCCCCCC
BBBBBBB",7x7,5
9x9_8c_9_5fb7c0cf.txt,".....E..E
.........
..H....B.
A........
C...D....
.......AD
.........
CBH....F.
G...FG...","AAAAAEEEE
ABBBAAAAA
ABHBBBBBA
ABHAAAAAA
CBHADDDDD
CBHAAAAAD
CBHGGGGGG
CBHGFFFFG
GGGGFGGGG",9x9,8
5x5_4c_9_812f5e6a.txt,"AB...
...C.
DA...
.C.BD
.....","ABBBB
AACCB
DACBB
DCCBD
DDDDD",5x5,4
8x8_7c_7_d0b91616.txt,".....FA.
.G....B.
.C......
...F...A
D..EC..G
..D.....
..E..B..
........","FFFFFFAA
FGGGGGBA
FCCCCGBA
FFFFCGBA
DEEECGBG
DEDDGGBG
DEEDGBBG
DDDDGGGG",8x8,7
8x8_6c_7_82c77513.txt,"........
........
..B..AD.
.D.F....
.....E..
..C.....
.B...A..
.CE..F..","FFFFFFFF
FDDDDDDF
FDBBBADF
FDFFBAAF
FFFBBEAF
CCCBEEAF
CBBBEAAF
CCEEEFFF",8x8,6
6x6_6c_10_396060ff.txt,"AEF...
....D.
...DC.
B.....
....C.
.BA.EF","AEFFFF
AEEDDF
AAEDCF
BAEECF
BAAECF
BBAEEF",6x6,6
8x8_6c_1_70510986.txt,".....BA.
.C..C.E.
......D.
..F.....
...D....
...F.E..
......A.
..B.....","BBBBBBAA
BCCCCEEA
BEEEEEDA
BEFDDDDA
BEFDAAAA
BEFFAEEE
BEEEAAAE
BBBEEEEE",8x8,6
9x9_7c_6_8fa5441c.txt,"..BF....G
.....C...
.F....EC.
...DA...E
G....A...
.....D.B.
.........
.........
.........","BBBFGGGGG
BFFFGCEEE
BFGGGCECE
BBGDACCCE
GBGDAAGGG
GBGDDDGBG
GBGGGGGBG
GBBBBBBBG
GGGGGGGGG",9x9,7
5x5_4c_4_812f5e6a.txt,"AB...
...C.
DA...
.C.BD
.....","ABBBB
AACCB
DACBB
DCCBD
DDDDD",5x5,4
5x5_5c_6_22075c83.txt,"C...C
..EDA
.....
.DEBA
....B","CCCCC
EEEDA
EDDDA
EDEBA
EEEBB",5x5,5
8x8_6c_1_60c183b5.txt,".A......
.B....D.
..F.....
.FD.....
...EB.A.
..C.....
.E......
...C....","AABBBBBB
ABBDDDDB
AFFDBBBB
AFDDBCCC
AEEEBCAC
AECCCCAC
AEAAAAAC
AAACCCCC",8x8,6
7x7_6c_5_13d5d5cf.txt,"......E
.......
DBC.BD.
.....C.
.A...F.
...E...
.F....A","DDDDDDE
DBBBBDE
DBCCBDE
FFFCCCE
FAFFFFE
FAAEEEE
FFAAAAA",7x7,6
10x10_9c_1_8bb56a0a.txt,"..........
DH..B.....
I.I......D
.....G....
.G..AF...B
.......EAC
...H......
......E..F
......C...
..........","DDDDDDDDDD
DHHHBBBBBD
IIIHAAAABD
FFFHAGGABB
FGFHAFGAAB
FGFHFFGEAC
FGFHFGGECC
FGFFFGEECF
FGGGGGCCCF
FFFFFFFFFF",10x10,9
8x8_7c_3_18741047.txt,".....D.B
......BE
......F.
...G.C..
....E..G
..C.A.A.
..F.....
.......D","DDDDDDBB
DFFFFFBE
DFCCCFFE
DFCGCCEE
DFCGEEEG
DFCGAAAG
DFFGGGGG
DDDDDDDD",8x8,7
7x7_6c_10_edc5ddf1.txt,"A......
.....F.
.D.....
...D..A
FEBE..C
....B..
......C","AAAAAAA
BBBBBFA
BDDDBFA
BBBDBFA
FEBEBFC
FEEEBFC
FFFFFFC",7x7,6
9x9_9c_1_80802004.txt,"...E.....
.B.......
...B..F..
DA.......
...G....E
...A.....
H..D.....
.G....IF.
...HC..CI","EEEEEEEEE
EBBBEIIIE
EEEBEIFIE
DAEEEIFIE
DAAGGIFIE
DDAAGIFII
HDDDGIFFI
HGGGGIIFI
HHHHCCCCI",9x9,9
6x6_4c_5_f296c06e.txt,"......
......
...B.D
...C..
.....A
DA.B.C","DDDDDD
DAAAAD
DABBAD
DABCAA
DABCCA
DABBCC",6x6,4
9x9_9c_3_93eaa6a8.txt,"D...IG.EF
.I...C...
.C.DG....
....E....
.....A...
..A..H.B.
..B....F.
.......H.
.........","DIIIIGGEF
DICCCCGEF
DCCDGGGEF
DDDDEEEEF
BBBBAAFFF
BAABAHFBB
BABBAHFFB
BAAAAHHHB
BBBBBBBBB",9x9,9
9x9_7c_2_fd249655.txt,".F.......
.......E.
....G....
........D
.........
..A.....D
..EGA.F.B
.C.....C.
.......B.","FFCCCCCCC
FCCAAAEEC
FCAAGAECC
FCAGGAECD
FCAGAAECD
FCAGAEECD
FCEGAEFCB
FCEEEEFCB
FFFFFFFBB",9x9,7
5x5_3c_2_3b862eec.txt,"A....
.B.B.
...C.
..C..
A....","ABBBB
ABBBB
ABBCB
ABCCB
ABBBB",5x5,3
6x6_4c_1_145c5d4f.txt,".....B
..AC..
.....C
...D..
.AB.D.
......","BBBBBB
BAACCC
BABBBC
BABDBB
BABDDB
BBBBBB",6x6,4
6x6_6c_1_c60e480c.txt,"F.FA..
...DB.
......
.B..E.
.E.C.A
...D.C","FFFAAA
DDDDBA
DBBBBA
DBEEEA
DEECCA
DDDDCC",6x6,6
7x7_5c_5_26f5cc22.txt,"DE.B...
.....C.
....C..
.......
....B..
...A.A.
.D.E...","DEBBAAA
DEBAACA
DEBACCA
DEBAAAA
DEBBBAA
DEEAAAA
DDEEAAA",7x7,5
7x7_6c_2_d5cc36f7.txt,"B.....D
.C..F.F
C......
..AD.E.
.A.....
.B..E..
.......","BBBDDDD
CCBDFFF
CBBDBBB
BBADBEB
BAABBEB
BBBBEEB
BBBBBBB",7x7,6
6x6_4c_6_f296c06e.txt,"......
......
...B.D
...C..
.....A
DA.B.C","DDDDDD
DAAAAD
DABBAD
DABCAA
DABCCA
DABBCC",6x6,4
7x7_6c_2_21b01e0e.txt,"...AF..
A......
C.D.B..
.......
.DE...F
....B..
.....CE","AAAAFFF
AEEEEEF
CEDDBEF
CEEDBEF
CDEDBEF
CDDDBEE
CCCCCCE",7x7,6
5x5_5c_9_4f5ec3ca.txt,"DECB.
.....
..E.B
DC..A
A....","DECBB
DECCB
DEECB
DCCCA
AAAAA",5x5,5
8x8_7c_3_71726d93.txt,"....D..G
.C......
....C...
B.A.....
....F...
.E.E.D..
.A.F.G.B
........","EEEEDDDG
ECCEEEDG
EECCCEDG
BEAEEEDG
BEAEFDDG
BEAEFDGG
BAAFFGGB
BBBBBBBB",8x8,7
9x9_8c_10_3e7e1f61.txt,"....BE...
.A..E..F.
......G..
.........
...B.D...
.........
C..D..H..
....A..FG
C.......H","DDDBBEGGG
DADBEEGFG
DADBBBGFG
DADDDBBFG
DAABDDBFG
DDABBBBFG
CDADDDHFG
CDAAADHFG
CDDDDDHHH",9x9,8
7x7_6c_6_13d5d5cf.txt,"......E
.......
DBC.BD.
.....C.
.A...F.
...E...
.F....A","DDDDDDE
DBBBBDE
DBCCBDE
FFFCCCE
FAFFFFE
FAAEEEE
FFAAAAA",7x7,6
9x9_8c_3_01959e84.txt,"C........
.........
.........
.....G.F.
...HB..E.
.........
F.BHGE.A.
D.....CD.
........A","CCCCCCCCC
FFFFFFFFC
FEEEEEEFC
FEBBBGEFC
FEBHBGEEC
FEBHGGCCC
FEBHGECAA
DEEEEECDA
DDDDDDDDA",9x9,8
10x10_9c_8_84b82713.txt,".......B.B
.........A
.DC.......
......F...
......H.I.
.G...F.DA.
..........
.......I..
...E...C..
E...G....H","IIIIIIIBBB
IDDDDDIIIA
IDCCCDDDIA
IIIICFFDIA
EEEICFHDIA
EGEICFHDAA
EGEICCHHHH
EGEIICCIIH
EGEEIICCIH
EGGGGIIIIH",10x10,9
5x5_3c_3_3b79ecca.txt,".....
B..C.
...A.
.A.B.
....C","BBBBB
BCCCB
CCAAB
CAABB
CCCCC",5x5,3
6x6_5c_3_25f9a72a.txt,"C.D...
....B.
...B..
....E.
C.A..E
D....A","CDDEEE
CDEEBE
CDEBBE
CDEEEE
CDAEEE
DDAAAA",6x6,5
9x9_8c_4_36602eab.txt,"D........
E...B....
..H....B.
.G...E.C.
..A......
........D
..HA...F.
.......CF
........G","DDDDDDDDD
EGGGBBBBD
EGHGGGGBD
EGHHEEGCD
EAAHEGGCD
EAHHEGCCD
EAHAEGCFF
EAAAEGCCF
EEEEEGGGG",9x9,8
9x9_7c_2_056744a7.txt,"....A...D
.FB...C..
......E..
ACG......
.........
.....B...
..D.F....
..G...E..
.........","AAAAADDDD
AFBBBDCCC
AFFFBDEEC
ACGFBDDEC
CCGFBBDEC
CGGFFBDEC
CGDDFDDEC
CGGDDDEEC
CCCCCCCCC",9x9,7
5x5_5c_1_4f5ec3ca.txt,"DECB.
.....
..E.B
DC..A
A....","DECBB
DECCB
DEECB
DCCCA
AAAAA",5x5,5
9x9_8c_4_a50e0622.txt,"D.......D
...GE...E
.........
..H.....C
.........
.......B.
.BA...C..
...GA....
F.FH.....","DDDDDDDDD
GGGGEEEEE
GCCCCCCCC
GCHHHHHHC
GCCCCCCHH
GBBBBBCBH
GBAAABCBH
GGGGABBBH
FFFHHHHHH",9x9,8
8x8_8c_4_f967b217.txt,"GBHF....
......H.
.B....G.
.....AE.
....FC..
.AD...E.
......C.
...D....","GBHFFFFF
GBHHHHHF
GBGGGGGF
GGGAAAEF
DDDAFCEF
DADAFCEF
DAAAFCCF
DDDDFFFF",8x8,8
8x8_8c_7_a3396780.txt,"........
.E..E.A.
CD.B..G.
..BA....
....G.F.
..H.CH..
......F.
D.......","CCCCCCCC
CEEEEAAC
CDBBAAGC
DDBAAGGC
DCCCGGFC
DCHCCHFC
DCHHHHFC
DCCCCCCC",8x8,8
7x7_5c_10_d45b6049.txt,"......D
.A.....
D....C.
..A....
.......
.E...B.
.CBE...","DDDDDDD
DAAAAAA
DCCCCCA
CCAAAAA
CEEEEEE
CEBBBBE
CCBEEEE",7x7,5
7x7_7c_9_0d9589a3.txt,"..EB...
.DA....
...FC..
...A...
.DC...B
.G....F
...E..G","EEEBBBB
EDAFFFB
EDAFCFB
EDAACFB
EDCCCFB
EGGGGFF
EEEEGGG",7x7,7
8x8_8c_4_da9b061d.txt,"BC......
...HA...
..B.....
..ED...C
...E...A
..D....F
....H.FG
......G.","BCCCCCCC
BHHHAAAC
BHBBBBAC
BHEDDBAC
BHEEDBAA
BHDDDBFF
BHHHHBFG
BBBBBBGG",8x8,8
5x5_5c_7_a482332b.txt,"E.DA.
C..B.
.....
..D..
C.EBA","EEDAA
CEDBA
CEDBA
CEDBA
CEEBA",5x5,5
7x7_7c_7_dae1eb3d.txt,"FD.D...
.....A.
F.B...C
G...C.B
....E..
.E.A...
.G.....","FDDDCCC
FEEECAC
FEBECAC
GEBECAB
GEBEEAB
GEBAAAB
GGBBBBB",7x7,7
6x6_4c_8_a09192ab.txt,"C.B...
A.....
...A..
.D....
.C.B..
.....D","CCBBBB
ACCCCB
AAAACB
DDCCCB
DCCBBB
DDDDDD",6x6,4
10x10_9c_9_cd48935d.txt,"......H...
CE......H.
I.........
..C.F.....
..B....F..
..........
..B.......
I.E....D..
..A..DG...
AG........","CCCHHHHFFF
CECHFFFFHF
IECHFHHHHF
IECHFHGGGF
IEBHHHGFGF
IEBGGGGFGF
IEBGFFFFGF
IEEGFDDDGF
AAAGFDGGGF
AGGGFFFFFF",10x10,9
8x8_6c_10_ee06545b.txt,"..BC...F
.E......
....BE..
........
.FD..D..
.......C
........
A......A","BBBCCCCF
BEEEEECF
BBBBBECF
CCCCCCCF
CFDDDDFF
CFFFFFFC
CCCCCCCC
AAAAAAAA",8x8,6
8x8_6c_5_271db818.txt,"CD.....D
....C...
....E.B.
.A..F...
....B...
....E...
.AF.....
........","CDDDDDDD
CCCCCEEE
EEEEEEBE
EAFFFEBE
EAFBBEBE
EAFBEEBE
EAFBBBBE
EEEEEEEE",8x8,6
7x7_5c_8_9adff41d.txt,"C..AB.D
..E.E..
..C....
...A...
.......
B......
D......","CAAABBD
CAEEEBD
CACCCBD
CAAACBD
CCCCCBD
BBBBBBD
DDDDDDD",7x7,5
10x10_9c_10_48c869f8.txt,"..........
..........
..........
....GI....
..DGF....C
......I...
....E.FDA.
..B.HC....
.H..B..E..
.........A","CCCCCCCCCC
CEEEEEEEEC
CEDDDDDDEC
CEDGGIIDEC
CEDGFFIDEC
CEEEEFIDEE
CHHHEFFDAE
CHBHHCAAAE
CHBBBCAEEE
CCCCCCAAAA",10x10,9
6x6_6c_2_396060ff.txt,"AEF...
....D.
...DC.
B.....
....C.
.BA.EF","AEFFFF
AEEDDF
AAEDCF
BAEECF
BAAECF
BBAEEF",6x6,6
5x5_3c_2_87fc29c5.txt,"...A.
.C.B.
..B..
..C..
....A","BBBAA
BCBBA
BCBBA
BCCBA
BBBBA",5x5,3
8x8_6c_9_7d3b36a6.txt,"....AB.E
........
..BD.E..
.....D..
A.......
F.......
C......F
.......C","AAAAABBE
AEEEEEBE
AEBDDEBE
AEBBDDBE
AEEBBBBE
FFEEEEEE
CFFFFFFF
CCCCCCCC",8x8,6
7x7_5c_6_26f5cc22.txt,"DE.B...
.....C.
....C..
.......
....B..
...A.A.
.D.E...","DEBBAAA
DEBAACA
DEBACCA
DEBAAAA
DEBBBAA
DEEAAAA
DDEEAAA",7x7,5
9x9_8c_7_f1829bb0.txt,"G........
.......A.
.H.D...C.
...G.....
E.......F
...A.....
.B....C..
..D...B..
E......HF","GHHHHHHHH
GHAAAAAAH
GHADDDCCH
GGAGGDCHH
EGAAGDCHF
EGGAGDCHF
EBGGGDCHF
EBDDDDBHF
EBBBBBBHF",9x9,8
5x5_3c_9_87fc29c5.txt,"...A.
.C.B.
..B..
..C..
....A","BBBAA
BCBBA
BCBBA
BCCBA
BBBBA",5x5,3
6x6_4c_8_145c5d4f.txt,".....B
..AC..
.....C
...D..
.AB.D.
......","BBBBBB
BAACCC
BABBBC
BABDBB
BABDDB
BBBBBB",6x6,4
5x5_5c_1_22075c83.txt,"C...C
..EDA
.....
.DEBA
....B","CCCCC
EEEDA
EDDDA
EDEBA
EEEBB",5x5,5
5x5_3c_1_87fc29c5.txt,"...A.
.C.B.
..B..
..C..
....A","BBBAA
BCBBA
BCBBA
BCCBA
BBBBA",5x5,3
6x6_6c_1_396060ff.txt,"AEF...
....D.
...DC.
B.....
....C.
.BA.EF","AEFFFF
AEEDDF
AAEDCF
BAEECF
BAAECF
BBAEEF",6x6,6
10x10_9c_10_b9b91263.txt,"..FE.BG...
.D........
.......I..
.E........
.F........
..D.....A.
H.......G.
..HI...BC.
C.........
A.........","FFFEEBGGGG
FDDDEBBBBG
FFFDEIIIBG
EEFDEIBBBG
EFFDEIBGGG
EEDDEIBGAA
HEEEEIBGGA
HHHIIIBBCA
CCCCCCCCCA
AAAAAAAAAA",10x10,9
5x5_5c_3_a482332b.txt,"E.DA.
C..B.
.....
..D..
C.EBA","EEDAA
CEDBA
CEDBA
CEDBA
CEEBA",5x5,5
8x8_8c_8_14eb01d5.txt,"F......H
.C..E..A
..EFDC..
H.......
.G..GD..
........
BA......
.......B","FCCCCCHH
FCEEECHA
FFEFDCHA
HFFFDDHA
HGGGGDHA
HHHHHHHA
BAAAAAAA
BBBBBBBB",8x8,8
